id	sr_hz	mode	res	norm	lvl	freq_hz	channel	amp_rms	amp_peak	f0_meas_hz	noise_rms	window	ok	signal
floor_44100	44100	lp	0	0.5	0	0	wetL	0	0	0	0	16384	1	-
floor_48000	48000	lp	0	0.5	0	0	wetL	0	0	0	0	16384	1	-
floor_88200	88200	lp	0	0.5	0	0	wetL	0	0	0	0	16384	1	-
floor_96000	96000	lp	0	0.5	0	0	wetL	0	0	0	0	16384	1	-
cutoff_norm_sr44100_n0_f60	44100	lp	0	0	0.05	60	wetL	0.00127928615	0.00180572321	59.2163086	0.00116217997	16384	1	-
cutoff_norm_sr44100_n0_f100	44100	lp	0	0	0.05	100	wetL	0.000490688268	0.000694886422	100.93689	0.000580020703	16384	1	-
cutoff_norm_sr44100_n0_f200	44100	lp	0	0	0.05	200	wetL	0.000126611456	0.000179034647	199.182129	0.000197423688	16384	1	-
cutoff_norm_sr44100_n0_f400	44100	lp	0	0	0.05	400	wetL	3.18757171e-05	4.51411573e-05	399.710083	3.14409005e-05	16384	1	-
cutoff_norm_sr44100_n0_f800	44100	lp	0	0	0.05	800	wetL	7.98714989e-06	1.13385113e-05	800.765991	6.04650954e-06	16384	1	-
cutoff_norm_sr44100_n0_f1200	44100	lp	0	0	0.05	1200	wetL	3.55619646e-06	5.05314018e-06	1200.47607	6.9014743e-06	16384	1	-
cutoff_norm_sr44100_n0_f1600	44100	lp	0	0	0.05	1600	wetL	2.00455019e-06	2.85497596e-06	1600.18616	3.06211889e-06	16384	1	-
cutoff_norm_sr44100_n0_f2500	44100	lp	0	0	0.05	2500	wetL	8.26293092e-07	1.1813427e-06	2499.19739	4.90259577e-07	16384	1	-
cutoff_norm_sr44100_n0_f3500	44100	lp	0	0	0.05	3500	wetL	4.25904024e-07	6.12065287e-07	3499.14551	7.43437706e-07	16384	1	-
cutoff_norm_sr44100_n0_f4500	44100	lp	0	0	0.05	4500	wetL	2.61161033e-07	3.76089902e-07	4500.43945	5.06361218e-07	16384	1	-
cutoff_norm_sr44100_n0_f5500	44100	lp	0	0	0.05	5500	wetL	1.77836626e-07	2.54340228e-07	5500.38757	1.90766112e-07	16384	1	-
cutoff_norm_sr44100_n0_f6500	44100	lp	0	0	0.05	6500	wetL	1.29977482e-07	1.89002127e-07	6498.98987	4.91503296e-08	16384	1	-
cutoff_norm_sr44100_n0_f7000	44100	lp	0	0	0.05	7000	wetL	1.13378834e-07	1.65037635e-07	6999.63684	1.22016454e-07	16384	1	-
cutoff_norm_sr44100_n0_f8000	44100	lp	0	0	0.05	8000	wetL	8.90781997e-08	1.29749457e-07	7999.58496	1.72757193e-07	16384	1	-
cutoff_norm_sr44100_n0_f9000	44100	lp	0	0	0.05	9000	wetL	7.24907016e-08	1.05909955e-07	8999.53308	1.26589695e-07	16384	1	-
cutoff_norm_sr44100_n0p05_f60	44100	lp	0	0.05	0.05	60	wetL	0.00231818041	0.00327605388	60.5621338	0.00107673504	16384	1	-
cutoff_norm_sr44100_n0p05_f100	44100	lp	0	0.05	0.05	100	wetL	0.000943205934	0.00133580033	100.93689	0.0013389641	16384	1	-
cutoff_norm_sr44100_n0p05_f200	44100	lp	0	0.05	0.05	200	wetL	0.00025040815	0.000353784676	199.182129	0.000363546417	16384	1	-
cutoff_norm_sr44100_n0p05_f400	44100	lp	0	0.05	0.05	400	wetL	6.35163334e-05	8.97968895e-05	399.710083	5.80305042e-05	16384	1	-
cutoff_norm_sr44100_n0p05_f800	44100	lp	0	0.05	0.05	800	wetL	1.59450648e-05	2.25529868e-05	800.765991	1.26800356e-05	16384	1	-
cutoff_norm_sr44100_n0p05_f1200	44100	lp	0	0.05	0.05	1200	wetL	7.10194384e-06	1.00440782e-05	1200.47607	1.38287992e-05	16384	1	-
cutoff_norm_sr44100_n0p05_f1600	44100	lp	0	0.05	0.05	1600	wetL	4.00368177e-06	5.6620145e-06	1600.18616	6.06219551e-06	16384	1	-
cutoff_norm_sr44100_n0p05_f2500	44100	lp	0	0.05	0.05	2500	wetL	1.65051387e-06	2.33409088e-06	2499.19739	9.58551503e-07	16384	1	-
cutoff_norm_sr44100_n0p05_f3500	44100	lp	0	0.05	0.05	3500	wetL	8.50768235e-07	1.20322125e-06	3499.14551	1.48118851e-06	16384	1	-
cutoff_norm_sr44100_n0p05_f4500	44100	lp	0	0.05	0.05	4500	wetL	5.21689881e-07	7.37646802e-07	4500.43945	1.01240731e-06	16384	1	-
cutoff_norm_sr44100_n0p05_f5500	44100	lp	0	0.05	0.05	5500	wetL	3.55243223e-07	5.02433507e-07	5500.38757	3.82790071e-07	16384	1	-
cutoff_norm_sr44100_n0p05_f6500	44100	lp	0	0.05	0.05	6500	wetL	2.59640287e-07	3.67243316e-07	6498.98987	9.69651425e-08	16384	1	-
cutoff_norm_sr44100_n0p05_f7000	44100	lp	0	0.05	0.05	7000	wetL	2.26484596e-07	3.20323992e-07	6999.63684	2.42909701e-07	16384	1	-
cutoff_norm_sr44100_n0p05_f8000	44100	lp	0	0.05	0.05	8000	wetL	1.77941877e-07	2.51701115e-07	7999.58496	3.44940345e-07	16384	1	-
cutoff_norm_sr44100_n0p05_f9000	44100	lp	0	0.05	0.05	9000	wetL	1.44806494e-07	2.04712154e-07	8999.53308	2.53100351e-07	16384	1	-
cutoff_norm_sr44100_n0p1_f60	44100	lp	0	0.1	0.05	60	wetL	0.00390771228	0.00553344044	60.5621338	0.000475277722	16384	1	-
cutoff_norm_sr44100_n0p1_f100	44100	lp	0	0.1	0.05	100	wetL	0.00175314904	0.0024835833	100.93689	0.00294941194	16384	1	-
cutoff_norm_sr44100_n0p1_f200	44100	lp	0	0.1	0.05	200	wetL	0.000490667956	0.000693287738	199.182129	0.000630891544	16384	1	-
cutoff_norm_sr44100_n0p1_f400	44100	lp	0	0.1	0.05	400	wetL	0.000126307679	0.000178565669	399.710083	0.000102102134	16384	1	-
cutoff_norm_sr44100_n0p1_f800	44100	lp	0	0.1	0.05	800	wetL	3.18271324e-05	4.5015991e-05	800.765991	2.70124197e-05	16384	1	-
cutoff_norm_sr44100_n0p1_f1200	44100	lp	0	0.1	0.05	1200	wetL	1.41860746e-05	2.00617874e-05	1200.47607	2.77443735e-05	16384	1	-
cutoff_norm_sr44100_n0p1_f1600	44100	lp	0	0.1	0.05	1600	wetL	7.99923323e-06	1.13120316e-05	1600.18616	1.19577615e-05	16384	1	-
cutoff_norm_sr44100_n0p1_f2500	44100	lp	0	0.1	0.05	2500	wetL	3.29829311e-06	4.66423176e-06	2499.19739	1.85664932e-06	16384	1	-
cutoff_norm_sr44100_n0p1_f3500	44100	lp	0	0.1	0.05	3500	wetL	1.70023795e-06	2.40435995e-06	3499.14551	2.94903381e-06	16384	1	-
cutoff_norm_sr44100_n0p1_f4500	44100	lp	0	0.1	0.05	4500	wetL	1.04261072e-06	1.47433489e-06	4500.43945	2.02584296e-06	16384	1	-
cutoff_norm_sr44100_n0p1_f5500	44100	lp	0	0.1	0.05	5500	wetL	7.09971791e-07	1.00406649e-06	5500.38757	7.69874014e-07	16384	1	-
cutoff_norm_sr44100_n0p1_f6500	44100	lp	0	0.1	0.05	6500	wetL	5.18908349e-07	7.33829025e-07	6498.98987	1.90366093e-07	16384	1	-
cutoff_norm_sr44100_n0p1_f7000	44100	lp	0	0.1	0.05	7000	wetL	4.52645859e-07	6.40058231e-07	6999.63684	4.83117779e-07	16384	1	-
cutoff_norm_sr44100_n0p1_f8000	44100	lp	0	0.1	0.05	8000	wetL	3.55631054e-07	5.02942411e-07	7999.58496	6.88930702e-07	16384	1	-
cutoff_norm_sr44100_n0p1_f9000	44100	lp	0	0.1	0.05	9000	wetL	2.89408056e-07	4.09158103e-07	8999.53308	5.06473255e-07	16384	1	-
cutoff_norm_sr44100_n0p15_f60	44100	lp	0	0.15	0.05	60	wetL	0.0059557777	0.00844809977	60.5621338	0.00461467693	16384	1	-
cutoff_norm_sr44100_n0p15_f100	44100	lp	0	0.15	0.05	100	wetL	0.0030762234	0.00435764382	100.93689	0.0058719977	16384	1	-
cutoff_norm_sr44100_n0p15_f200	44100	lp	0	0.15	0.05	200	wetL	0.000944128773	0.0013342592	199.182129	0.000972611191	16384	1	-
cutoff_norm_sr44100_n0p15_f400	44100	lp	0	0.15	0.05	400	wetL	0.000250088467	0.000353558305	399.710083	0.000163961508	16384	1	-
cutoff_norm_sr44100_n0p15_f800	44100	lp	0	0.15	0.05	800	wetL	6.34913877e-05	8.98033591e-05	800.765991	5.86142215e-05	16384	1	-
cutoff_norm_sr44100_n0p15_f1200	44100	lp	0	0.15	0.05	1200	wetL	2.83402853e-05	4.0079413e-05	1200.47607	5.57339682e-05	16384	1	-
cutoff_norm_sr44100_n0p15_f1600	44100	lp	0	0.15	0.05	1600	wetL	1.59882495e-05	2.26096887e-05	1600.18616	2.34542472e-05	16384	1	-
cutoff_norm_sr44100_n0p15_f2500	44100	lp	0	0.15	0.05	2500	wetL	6.59485589e-06	9.32602579e-06	2499.19739	3.54487641e-06	16384	1	-
cutoff_norm_sr44100_n0p15_f3500	44100	lp	0	0.15	0.05	3500	wetL	3.40002749e-06	4.80798357e-06	3499.14551	5.8654232e-06	16384	1	-
cutoff_norm_sr44100_n0p15_f4500	44100	lp	0	0.15	0.05	4500	wetL	2.08505617e-06	2.94867217e-06	4500.43945	4.05833676e-06	16384	1	-
cutoff_norm_sr44100_n0p15_f5500	44100	lp	0	0.15	0.05	5500	wetL	1.41986786e-06	2.00803297e-06	5500.38757	1.55337375e-06	16384	1	-
cutoff_norm_sr44100_n0p15_f6500	44100	lp	0	0.15	0.05	6500	wetL	1.03777722e-06	1.46760105e-06	6498.98987	3.70995431e-07	16384	1	-
cutoff_norm_sr44100_n0p15_f7000	44100	lp	0	0.15	0.05	7000	wetL	9.05262497e-07	1.28014288e-06	6999.63684	9.59509426e-07	16384	1	-
cutoff_norm_sr44100_n0p15_f8000	44100	lp	0	0.15	0.05	8000	wetL	7.11244566e-07	1.0058595e-06	7999.58496	1.37650613e-06	16384	1	-
cutoff_norm_sr44100_n0p15_f9000	44100	lp	0	0.15	0.05	9000	wetL	5.78804772e-07	8.18359781e-07	8999.53308	1.01470694e-06	16384	1	-
cutoff_norm_sr44100_n0p2_f60	44100	lp	0	0.2	0.05	60	wetL	0.00808795533	0.0114772586	60.5621338	0.0109293283	16384	1	-
cutoff_norm_sr44100_n0p2_f100	44100	lp	0	0.2	0.05	100	wetL	0.00494534831	0.00700065764	99.5910645	0.00987831933	16384	1	-
cutoff_norm_sr44100_n0p2_f200	44100	lp	0	0.2	0.05	200	wetL	0.00175595468	0.00248244508	199.182129	0.00113821939	16384	1	-
cutoff_norm_sr44100_n0p2_f400	44100	lp	0	0.2	0.05	400	wetL	0.000490751601	0.0006937954	399.710083	0.000213341225	16384	1	-
cutoff_norm_sr44100_n0p2_f800	44100	lp	0	0.2	0.05	800	wetL	0.000126456774	0.000178867141	800.765991	0.000129720595	16384	1	-
cutoff_norm_sr44100_n0p2_f1200	44100	lp	0	0.2	0.05	1200	wetL	5.66081514e-05	8.00544508e-05	1200.47607	0.000112050082	16384	1	-
cutoff_norm_sr44100_n0p2_f1600	44100	lp	0	0.2	0.05	1600	wetL	3.19670646e-05	4.52061389e-05	1600.18616	4.55944352e-05	16384	1	-
cutoff_norm_sr44100_n0p2_f2500	44100	lp	0	0.2	0.05	2500	wetL	1.31958451e-05	1.86606972e-05	2499.19739	6.61512669e-06	16384	1	-
cutoff_norm_sr44100_n0p2_f3500	44100	lp	0	0.2	0.05	3500	wetL	6.80500051e-06	9.62123075e-06	3499.14551	1.16470287e-05	16384	1	-
cutoff_norm_sr44100_n0p2_f4500	44100	lp	0	0.2	0.05	4500	wetL	4.17358919e-06	5.90241216e-06	4500.43945	8.14254822e-06	16384	1	-
cutoff_norm_sr44100_n0p2_f5500	44100	lp	0	0.2	0.05	5500	wetL	2.84225354e-06	4.01961812e-06	5500.38757	3.14830486e-06	16384	1	-
cutoff_norm_sr44100_n0p2_f6500	44100	lp	0	0.2	0.05	6500	wetL	2.07745891e-06	2.9378945e-06	6498.98987	7.14994714e-07	16384	1	-
cutoff_norm_sr44100_n0p2_f7000	44100	lp	0	0.2	0.05	7000	wetL	1.8122069e-06	2.56277406e-06	6999.63684	1.90169925e-06	16384	1	-
cutoff_norm_sr44100_n0p2_f8000	44100	lp	0	0.2	0.05	8000	wetL	1.42383262e-06	2.01362264e-06	7999.58496	2.75178948e-06	16384	1	-
cutoff_norm_sr44100_n0p2_f9000	44100	lp	0	0.2	0.05	9000	wetL	1.15871491e-06	1.63842333e-06	8999.53308	2.03637931e-06	16384	1	-
cutoff_norm_sr44100_n0p25_f60	44100	lp	0	0.25	0.05	60	wetL	0.00987252297	0.0139960267	60.5621338	0.0171747764	16384	1	-
cutoff_norm_sr44100_n0p25_f100	44100	lp	0	0.25	0.05	100	wetL	0.0071095861	0.0100527953	99.5910645	0.0132705729	16384	1	-
cutoff_norm_sr44100_n0p25_f200	44100	lp	0	0.25	0.05	200	wetL	0.00307955032	0.004356012	200.527954	0.000366447915	16384	1	-
cutoff_norm_sr44100_n0p25_f400	44100	lp	0	0.25	0.05	400	wetL	0.000945849177	0.0013372308	399.710083	0.000114270613	16384	1	-
cutoff_norm_sr44100_n0p25_f800	44100	lp	0	0.25	0.05	800	wetL	0.000250914499	0.00035491785	800.765991	0.000292237285	16384	1	-
cutoff_norm_sr44100_n0p25_f1200	44100	lp	0	0.25	0.05	1200	wetL	0.000112968118	0.000159752431	1200.47607	0.000225067921	16384	1	-
cutoff_norm_sr44100_n0p25_f1600	44100	lp	0	0.25	0.05	1600	wetL	6.39214148e-05	9.0394673e-05	1600.18616	8.73400333e-05	16384	1	-
cutoff_norm_sr44100_n0p25_f2500	44100	lp	0	0.25	0.05	2500	wetL	2.64271069e-05	3.73717787e-05	2499.19739	1.1878108e-05	16384	1	-
cutoff_norm_sr44100_n0p25_f3500	44100	lp	0	0.25	0.05	3500	wetL	1.36354888e-05	1.9281244e-05	3499.14551	2.30671949e-05	16384	1	-
cutoff_norm_sr44100_n0p25_f4500	44100	lp	0	0.25	0.05	4500	wetL	8.36461837e-06	1.18278065e-05	4500.43945	1.63707283e-05	16384	1	-
cutoff_norm_sr44100_n0p25_f5500	44100	lp	0	0.25	0.05	5500	wetL	5.69699886e-06	8.05693813e-06	5500.38757	6.42046119e-06	16384	1	-
cutoff_norm_sr44100_n0p25_f6500	44100	lp	0	0.25	0.05	6500	wetL	4.16430982e-06	5.88908404e-06	6498.98987	1.3541099e-06	16384	1	-
cutoff_norm_sr44100_n0p25_f7000	44100	lp	0	0.25	0.05	7000	wetL	3.63268916e-06	5.13722344e-06	6999.63684	3.75730335e-06	16384	1	-
cutoff_norm_sr44100_n0p25_f8000	44100	lp	0	0.25	0.05	8000	wetL	2.85425734e-06	4.03656705e-06	7999.58496	5.50514185e-06	16384	1	-
cutoff_norm_sr44100_n0p25_f9000	44100	lp	0	0.25	0.05	9000	wetL	2.32284398e-06	3.28478838e-06	8999.53308	4.09648166e-06	16384	1	-
cutoff_norm_sr44100_n0p3_f60	44100	lp	0	0.3	0.05	60	wetL	0.0111143463	0.0157324748	60.5621338	0.0215013651	16384	1	-
cutoff_norm_sr44100_n0p3_f100	44100	lp	0	0.3	0.05	100	wetL	0.00910920609	0.0128668578	99.5910645	0.01400285	16384	1	-
cutoff_norm_sr44100_n0p3_f200	44100	lp	0	0.3	0.05	200	wetL	0.00494003067	0.00699155544	200.527954	0.00255904237	16384	1	-
cutoff_norm_sr44100_n0p3_f400	44100	lp	0	0.3	0.05	400	wetL	0.00176153473	0.00249067877	399.710083	0.00053721619	16384	1	-
cutoff_norm_sr44100_n0p3_f800	44100	lp	0	0.3	0.05	800	wetL	0.000493691596	0.000698348042	800.765991	0.000664589816	16384	1	-
cutoff_norm_sr44100_n0p3_f1200	44100	lp	0	0.3	0.05	1200	wetL	0.000224826753	0.000317937563	1200.47607	0.000449655316	16384	1	-
cutoff_norm_sr44100_n0p3_f1600	44100	lp	0	0.3	0.05	1600	wetL	0.000127731298	0.000180633439	1600.18616	0.000163110064	16384	1	-
cutoff_norm_sr44100_n0p3_f2500	44100	lp	0	0.3	0.05	2500	wetL	5.2973861e-05	7.49128576e-05	2499.19739	1.98635779e-05	16384	1	-
cutoff_norm_sr44100_n0p3_f3500	44100	lp	0	0.3	0.05	3500	wetL	2.73622239e-05	3.86887295e-05	3499.14551	4.5485214e-05	16384	1	-
cutoff_norm_sr44100_n0p3_f4500	44100	lp	0	0.3	0.05	4500	wetL	1.67926354e-05	2.37403511e-05	4500.43945	3.30015549e-05	16384	1	-
cutoff_norm_sr44100_n0p3_f5500	44100	lp	0	0.3	0.05	5500	wetL	1.14397142e-05	1.61784847e-05	5500.38757	1.32049943e-05	16384	1	-
cutoff_norm_sr44100_n0p3_f6500	44100	lp	0	0.3	0.05	6500	wetL	8.36311163e-06	1.18269563e-05	6498.98987	2.49200824e-06	16384	1	-
cutoff_norm_sr44100_n0p3_f7000	44100	lp	0	0.3	0.05	7000	wetL	7.29580221e-06	1.03159957e-05	6999.63684	7.38786654e-06	16384	1	-
cutoff_norm_sr44100_n0p3_f8000	44100	lp	0	0.3	0.05	8000	wetL	5.73279133e-06	8.10742898e-06	7999.58496	1.1023949e-05	16384	1	-
cutoff_norm_sr44100_n0p3_f9000	44100	lp	0	0.3	0.05	9000	wetL	4.66564966e-06	6.59815042e-06	8999.53308	8.26835099e-06	16384	1	-
cutoff_norm_sr44100_n0p35_f60	44100	lp	0	0.35	0.05	60	wetL	0.0118717174	0.0167814825	60.5621338	0.0237196649	16384	1	-
cutoff_norm_sr44100_n0p35_f100	44100	lp	0	0.35	0.05	100	wetL	0.0106084448	0.0149769411	99.5910645	0.0118874512	16384	1	-
cutoff_norm_sr44100_n0p35_f200	44100	lp	0	0.35	0.05	200	wetL	0.00708069397	0.0100237752	200.527954	0.00807045802	16384	1	-
cutoff_norm_sr44100_n0p35_f400	44100	lp	0	0.35	0.05	400	wetL	0.00308941354	0.00436898139	399.710083	0.00255759165	16384	1	-
cutoff_norm_sr44100_n0p35_f800	44100	lp	0	0.35	0.05	800	wetL	0.000954283202	0.00134990503	800.765991	0.00149567771	16384	1	-
cutoff_norm_sr44100_n0p35_f1200	44100	lp	0	0.35	0.05	1200	wetL	0.000444419456	0.000628441039	1199.13025	0.000884194522	16384	1	-
cutoff_norm_sr44100_n0p35_f1600	44100	lp	0	0.35	0.05	1600	wetL	0.000254565103	0.000360000764	1600.18616	0.000290707044	16384	1	-
cutoff_norm_sr44100_n0p35_f2500	44100	lp	0	0.35	0.05	2500	wetL	0.000106253601	0.000150260289	2499.19739	2.84163454e-05	16384	1	-
cutoff_norm_sr44100_n0p35_f3500	44100	lp	0	0.35	0.05	3500	wetL	5.50042308e-05	7.77820812e-05	3499.14551	8.90042716e-05	16384	1	-
cutoff_norm_sr44100_n0p35_f4500	44100	lp	0	0.35	0.05	4500	wetL	3.37878063e-05	4.7783376e-05	4500.43945	6.67441095e-05	16384	1	-
cutoff_norm_sr44100_n0p35_f5500	44100	lp	0	0.35	0.05	5500	wetL	2.30279822e-05	3.25671319e-05	5500.38757	2.74715332e-05	16384	1	-
cutoff_norm_sr44100_n0p35_f6500	44100	lp	0	0.35	0.05	6500	wetL	1.68392992e-05	2.38138205e-05	6498.98987	4.3587165e-06	16384	1	-
cutoff_norm_sr44100_n0p35_f7000	44100	lp	0	0.35	0.05	7000	wetL	1.46916332e-05	2.07745475e-05	6999.63684	1.44155369e-05	16384	1	-
cutoff_norm_sr44100_n0p35_f8000	44100	lp	0	0.35	0.05	8000	wetL	1.15457357e-05	1.63282545e-05	7999.58496	2.21016852e-05	16384	1	-
cutoff_norm_sr44100_n0p35_f9000	44100	lp	0	0.35	0.05	9000	wetL	9.39739011e-06	1.32887931e-05	8999.53308	1.67675682e-05	16384	1	-
cutoff_norm_sr44100_n0p4_f60	44100	lp	0	0.4	0.05	60	wetL	0.0122972674	0.0173659273	59.2163086	0.0245223991	16384	1	-
cutoff_norm_sr44100_n0p4_f100	44100	lp	0	0.4	0.05	100	wetL	0.0115665784	0.0163291626	99.5910645	0.00836928273	16384	1	-
cutoff_norm_sr44100_n0p4_f200	44100	lp	0	0.4	0.05	200	wetL	0.0090535404	0.012814197	200.527954	0.0145676063	16384	1	-
cutoff_norm_sr44100_n0p4_f400	44100	lp	0	0.4	0.05	400	wetL	0.0049446636	0.00699406686	399.710083	0.00674547658	16384	1	-
cutoff_norm_sr44100_n0p4_f800	44100	lp	0	0.4	0.05	800	wetL	0.00178081169	0.00251907686	800.765991	0.00320550451	16384	1	-
cutoff_norm_sr44100_n0p4_f1200	44100	lp	0	0.4	0.05	1200	wetL	0.000865062657	0.00122320253	1199.13025	0.00167232363	16384	1	-
cutoff_norm_sr44100_n0p4_f1600	44100	lp	0	0.4	0.05	1600	wetL	0.000503665525	0.000712283091	1600.18616	0.000471627042	16384	1	-
cutoff_norm_sr44100_n0p4_f2500	44100	lp	0	0.4	0.05	2500	wetL	0.000212994264	0.000301213464	2499.19739	2.38044257e-05	16384	1	-
cutoff_norm_sr44100_n0p4_f3500	44100	lp	0	0.4	0.05	3500	wetL	0.000110768442	0.000156631482	3499.14551	0.000171714239	16384	1	-
cutoff_norm_sr44100_n0p4_f4500	44100	lp	0	0.4	0.05	4500	wetL	6.81723049e-05	9.63951329e-05	4500.43945	0.000135456374	16384	1	-
cutoff_norm_sr44100_n0p4_f5500	44100	lp	0	0.4	0.05	5500	wetL	4.65074567e-05	6.57726616e-05	5500.38757	5.80221417e-05	16384	1	-
cutoff_norm_sr44100_n0p4_f6500	44100	lp	0	0.4	0.05	6500	wetL	3.40277089e-05	4.81214299e-05	6498.98987	6.87746556e-06	16384	1	-
cutoff_norm_sr44100_n0p4_f7000	44100	lp	0	0.4	0.05	7000	wetL	2.96936825e-05	4.19891497e-05	6999.63684	2.77707283e-05	16384	1	-
cutoff_norm_sr44100_n0p4_f8000	44100	lp	0	0.4	0.05	8000	wetL	2.33420219e-05	3.30108755e-05	7999.58496	4.43709906e-05	16384	1	-
cutoff_norm_sr44100_n0p4_f9000	44100	lp	0	0.4	0.05	9000	wetL	1.90023654e-05	2.68599745e-05	8999.53308	3.42275844e-05	16384	1	-
cutoff_norm_sr44100_n0p45_f60	44100	lp	0	0.45	0.05	60	wetL	0.0125257588	0.0176772117	59.2163086	0.0246025119	16384	1	-
cutoff_norm_sr44100_n0p45_f100	44100	lp	0	0.45	0.05	100	wetL	0.012118191	0.0171114146	99.5910645	0.00482184254	16384	1	-
cutoff_norm_sr44100_n0p45_f200	44100	lp	0	0.45	0.05	200	wetL	0.010540694	0.0149123363	200.527954	0.0197790918	16384	1	-
cutoff_norm_sr44100_n0p45_f400	44100	lp	0	0.45	0.05	400	wetL	0.00705962019	0.00998700253	401.055908	0.0125479295	16384	1	-
cutoff_norm_sr44100_n0p45_f800	44100	lp	0	0.45	0.05	800	wetL	0.00311993854	0.00441299933	800.765991	0.00614977934	16384	1	-
cutoff_norm_sr44100_n0p45_f1200	44100	lp	0	0.45	0.05	1200	wetL	0.00163026448	0.00230513821	1199.13025	0.00290174517	16384	1	-
cutoff_norm_sr44100_n0p45_f1600	44100	lp	0	0.45	0.05	1600	wetL	0.000979324782	0.0013849902	1600.18616	0.000612325594	16384	1	-
cutoff_norm_sr44100_n0p45_f2500	44100	lp	0	0.45	0.05	2500	wetL	0.000425231072	0.000601368277	2500.54321	4.80616672e-05	16384	1	-
cutoff_norm_sr44100_n0p45_f3500	44100	lp	0	0.45	0.05	3500	wetL	0.00022327496	0.000315727622	3499.14551	0.000322245835	16384	1	-
cutoff_norm_sr44100_n0p45_f4500	44100	lp	0	0.45	0.05	4500	wetL	0.000137970286	0.000195081416	4500.43945	0.000275568471	16384	1	-
cutoff_norm_sr44100_n0p45_f5500	44100	lp	0	0.45	0.05	5500	wetL	9.43177293e-05	0.000133388161	5500.38757	0.000124925446	16384	1	-
cutoff_norm_sr44100_n0p45_f6500	44100	lp	0	0.45	0.05	6500	wetL	6.9090845e-05	9.77071835e-05	6498.98987	8.22731653e-06	16384	1	-
cutoff_norm_sr44100_n0p45_f7000	44100	lp	0	0.45	0.05	7000	wetL	6.03161405e-05	8.52977134e-05	6999.63684	5.22953985e-05	16384	1	-
cutoff_norm_sr44100_n0p45_f8000	44100	lp	0	0.45	0.05	8000	wetL	4.7442924e-05	6.70946754e-05	7999.58496	8.91784983e-05	16384	1	-
cutoff_norm_sr44100_n0p45_f9000	44100	lp	0	0.45	0.05	9000	wetL	3.86384937e-05	5.46420583e-05	8999.53308	7.0507364e-05	16384	1	-
cutoff_norm_sr44100_n0p5_f60	44100	lp	0	0.5	0.05	60	wetL	0.0126457661	0.0178393507	59.2163086	0.0243910834	16384	1	-
cutoff_norm_sr44100_n0p5_f100	44100	lp	0	0.5	0.05	100	wetL	0.0124170619	0.0175379514	99.5910645	0.00187495435	16384	1	-
cutoff_norm_sr44100_n0p5_f200	44100	lp	0	0.5	0.05	200	wetL	0.0115036576	0.0162673298	200.527954	0.0228210835	16384	1	-
cutoff_norm_sr44100_n0p5_f400	44100	lp	0	0.5	0.05	400	wetL	0.00899639586	0.0127267488	401.055908	0.0177853334	16384	1	-
cutoff_norm_sr44100_n0p5_f800	44100	lp	0	0.5	0.05	800	wetL	0.00496454387	0.00702100865	799.420166	0.00980101385	16384	1	-
cutoff_norm_sr44100_n0p5_f1200	44100	lp	0	0.5	0.05	1200	wetL	0.00289093109	0.00408768911	1199.13025	0.00422343002	16384	1	-
cutoff_norm_sr44100_n0p5_f1600	44100	lp	0	0.5	0.05	1600	wetL	0.00183404986	0.00259384578	1600.18616	0.000317820878	16384	1	-
cutoff_norm_sr44100_n0p5_f2500	44100	lp	0	0.5	0.05	2500	wetL	0.000838189674	0.00118540854	2500.54321	0.000361666426	16384	1	-
cutoff_norm_sr44100_n0p5_f3500	44100	lp	0	0.5	0.05	3500	wetL	0.00044898169	0.000634887693	3499.14551	0.000570590767	16384	1	-
cutoff_norm_sr44100_n0p5_f4500	44100	lp	0	0.5	0.05	4500	wetL	0.00027985578	0.000395762579	4499.09363	0.000559269653	16384	1	-
cutoff_norm_sr44100_n0p5_f5500	44100	lp	0	0.5	0.05	5500	wetL	0.000192169661	0.000271776089	5500.38757	0.000275143806	16384	1	-
cutoff_norm_sr44100_n0p5_f6500	44100	lp	0	0.5	0.05	6500	wetL	0.000141137897	0.000199596057	6498.98987	5.57782822e-07	16384	1	-
cutoff_norm_sr44100_n0p5_f7000	44100	lp	0	0.5	0.05	7000	wetL	0.000123325951	0.000174400148	6999.63684	9.42020207e-05	16384	1	-
cutoff_norm_sr44100_n0p5_f8000	44100	lp	0	0.5	0.05	8000	wetL	9.71343621e-05	0.000137369682	7999.58496	0.0001791802	16384	1	-
cutoff_norm_sr44100_n0p5_f9000	44100	lp	0	0.5	0.05	9000	wetL	7.91805398e-05	0.000111935216	8999.53308	0.000147046039	16384	1	-
cutoff_norm_sr44100_n0p55_f60	44100	lp	0	0.55	0.05	60	wetL	0.0127083018	0.0179230416	59.2163086	0.0241034384	16384	1	-
cutoff_norm_sr44100_n0p55_f100	44100	lp	0	0.55	0.05	100	wetL	0.0125738739	0.0177637388	99.5910645	0.000364366932	16384	1	-
cutoff_norm_sr44100_n0p55_f200	44100	lp	0	0.55	0.05	200	wetL	0.0120684025	0.0170601055	199.182129	0.0241248179	16384	1	-
cutoff_norm_sr44100_n0p55_f400	44100	lp	0	0.55	0.05	400	wetL	0.0104601308	0.0147956737	399.710083	0.0207425528	16384	1	-
cutoff_norm_sr44100_n0p55_f800	44100	lp	0	0.55	0.05	800	wetL	0.00702633689	0.00993512138	799.420166	0.012299223	16384	1	-
cutoff_norm_sr44100_n0p55_f1200	44100	lp	0	0.55	0.05	1200	wetL	0.00465659526	0.00658478488	1199.13025	0.00437481727	16384	1	-
cutoff_norm_sr44100_n0p55_f1600	44100	lp	0	0.55	0.05	1600	wetL	0.00320099858	0.00452715995	1600.18616	0.00133353355	16384	1	-
cutoff_norm_sr44100_n0p55_f2500	44100	lp	0	0.55	0.05	2500	wetL	0.00160000247	0.0022628916	2500.54321	0.0013706424	16384	1	-
cutoff_norm_sr44100_n0p55_f3500	44100	lp	0	0.55	0.05	3500	wetL	0.0008921435	0.00126139168	3499.14551	0.000882751895	16384	1	-
cutoff_norm_sr44100_n0p55_f4500	44100	lp	0	0.55	0.05	4500	wetL	0.0005664974	0.000801049646	4499.09363	0.00111567176	16384	1	-
cutoff_norm_sr44100_n0p55_f5500	44100	lp	0	0.55	0.05	5500	wetL	0.000392866708	0.000555610217	5500.38757	0.000619651105	16384	1	-
cutoff_norm_sr44100_n0p55_f6500	44100	lp	0	0.55	0.05	6500	wetL	0.000290233933	0.000410449367	6498.98987	5.4754465e-05	16384	1	-
cutoff_norm_sr44100_n0p55_f7000	44100	lp	0	0.55	0.05	7000	wetL	0.000254131751	0.000359375827	6999.63684	0.000153497972	16384	1	-
cutoff_norm_sr44100_n0p55_f8000	44100	lp	0	0.55	0.05	8000	wetL	0.00020077133	0.000283934499	7999.58496	0.000358113895	16384	1	-
cutoff_norm_sr44100_n0p55_f9000	44100	lp	0	0.55	0.05	9000	wetL	0.000164005424	0.000231841085	8999.53308	0.000311595341	16384	1	-
cutoff_norm_sr44100_n0p6_f60	44100	lp	0	0.6	0.05	60	wetL	0.0127409235	0.0179661683	59.2163086	0.0238308337	16384	1	-
cutoff_norm_sr44100_n0p6_f100	44100	lp	0	0.6	0.05	100	wetL	0.0126549122	0.0178816315	99.5910645	0.00199303163	16384	1	-
cutoff_norm_sr44100_n0p6_f200	44100	lp	0	0.6	0.05	200	wetL	0.0123813533	0.0174984507	199.182129	0.0244350112	16384	1	-
cutoff_norm_sr44100_n0p6_f400	44100	lp	0	0.6	0.05	400	wetL	0.0114197795	0.0161507917	399.710083	0.0214503026	16384	1	-
cutoff_norm_sr44100_n0p6_f800	44100	lp	0	0.6	0.05	800	wetL	0.00889169834	0.0125714649	799.420166	0.0120693394	16384	1	-
cutoff_norm_sr44100_n0p6_f1200	44100	lp	0	0.6	0.05	1200	wetL	0.00666024534	0.00941883148	1200.47607	0.00189500882	16384	1	-
cutoff_norm_sr44100_n0p6_f1600	44100	lp	0	0.6	0.05	1600	wetL	0.00502055234	0.00710053152	1600.18616	0.0052622254	16384	1	-
cutoff_norm_sr44100_n0p6_f2500	44100	lp	0	0.6	0.05	2500	wetL	0.00285505055	0.00403801568	2500.54321	0.00384788489	16384	1	-
cutoff_norm_sr44100_n0p6_f3500	44100	lp	0	0.6	0.05	3500	wetL	0.00171147906	0.00241958637	3499.14551	0.000927974988	16384	1	-
cutoff_norm_sr44100_n0p6_f4500	44100	lp	0	0.6	0.05	4500	wetL	0.00112889387	0.00159605329	4499.09363	0.00210077407	16384	1	-
cutoff_norm_sr44100_n0p6_f5500	44100	lp	0	0.6	0.05	5500	wetL	0.000800101655	0.00113154771	5500.38757	0.00140807818	16384	1	-
cutoff_norm_sr44100_n0p6_f6500	44100	lp	0	0.6	0.05	6500	wetL	0.000599058735	0.00084720081	6500.33569	0.000280220799	16384	1	-
cutoff_norm_sr44100_n0p6_f7000	44100	lp	0	0.6	0.05	7000	wetL	0.000527083579	0.000745179902	6999.63684	0.000184479323	16384	1	-
cutoff_norm_sr44100_n0p6_f8000	44100	lp	0	0.6	0.05	8000	wetL	0.000419431853	0.000593169573	7999.58496	0.000700758879	16384	1	-
cutoff_norm_sr44100_n0p6_f9000	44100	lp	0	0.6	0.05	9000	wetL	0.000344357142	0.000486994525	8999.53308	0.000672082649	16384	1	-
cutoff_norm_sr44100_n0p65_f60	44100	lp	0	0.65	0.05	60	wetL	0.0127580655	0.0179884901	59.2163086	0.0236038386	16384	1	-
cutoff_norm_sr44100_n0p65_f100	44100	lp	0	0.65	0.05	100	wetL	0.0126965715	0.0179430994	99.5910645	0.00315598679	16384	1	-
cutoff_norm_sr44100_n0p65_f200	44100	lp	0	0.65	0.05	200	wetL	0.0125500289	0.017734462	199.182129	0.0242980857	16384	1	-
cutoff_norm_sr44100_n0p65_f400	44100	lp	0	0.65	0.05	400	wetL	0.0119937535	0.0169605917	399.710083	0.0208389412	16384	1	-
cutoff_norm_sr44100_n0p65_f800	44100	lp	0	0.65	0.05	800	wetL	0.0103104104	0.0145771527	799.420166	0.00943381242	16384	1	-
cutoff_norm_sr44100_n0p65_f1200	44100	lp	0	0.65	0.05	1200	wetL	0.00850806259	0.0120329235	1200.47607	0.00303019264	16384	1	-
cutoff_norm_sr44100_n0p65_f1600	44100	lp	0	0.65	0.05	1600	wetL	0.00696731503	0.00985352999	1600.18616	0.0108820507	16384	1	-
cutoff_norm_sr44100_n0p65_f2500	44100	lp	0	0.65	0.05	2500	wetL	0.00456245101	0.00645279135	2500.54321	0.00808133431	16384	1	-
cutoff_norm_sr44100_n0p65_f3500	44100	lp	0	0.65	0.05	3500	wetL	0.00303396893	0.00429070319	3499.14551	0.000280865312	16384	1	-
cutoff_norm_sr44100_n0p65_f4500	44100	lp	0	0.65	0.05	4500	wetL	0.00214013743	0.0030262489	4499.09363	0.00338141695	16384	1	-
cutoff_norm_sr44100_n0p65_f5500	44100	lp	0	0.65	0.05	5500	wetL	0.00158513137	0.00224177147	5500.38757	0.00307548203	16384	1	-
cutoff_norm_sr44100_n0p65_f6500	44100	lp	0	0.65	0.05	6500	wetL	0.00122264289	0.00172911676	6500.33569	0.00107419362	16384	1	-
cutoff_norm_sr44100_n0p65_f7000	44100	lp	0	0.65	0.05	7000	wetL	0.00108792719	0.00153818299	6999.63684	6.25768859e-05	16384	1	-
cutoff_norm_sr44100_n0p65_f8000	44100	lp	0	0.65	0.05	8000	wetL	0.00088098017	0.00124589766	7999.58496	0.00127538838	16384	1	-
cutoff_norm_sr44100_n0p65_f9000	44100	lp	0	0.65	0.05	9000	wetL	0.000732500952	0.00103545936	8999.53308	0.00146209665	16384	1	-
cutoff_norm_sr44100_n0p7_f60	44100	lp	0	0.7	0.05	60	wetL	0.0127671851	0.018000139	59.2163086	0.0234265863	16384	1	-
cutoff_norm_sr44100_n0p7_f100	44100	lp	0	0.7	0.05	100	wetL	0.0127180044	0.0179752856	99.5910645	0.00397846671	16384	1	-
cutoff_norm_sr44100_n0p7_f200	44100	lp	0	0.7	0.05	200	wetL	0.0126401057	0.0178602285	199.182129	0.0240131309	16384	1	-
cutoff_norm_sr44100_n0p7_f400	44100	lp	0	0.7	0.05	400	wetL	0.0123197409	0.0174199841	399.710083	0.0197424881	16384	1	-
cutoff_norm_sr44100_n0p7_f800	44100	lp	0	0.7	0.05	800	wetL	0.0112635364	0.0159253536	799.420166	0.00580147047	16384	1	-
cutoff_norm_sr44100_n0p7_f1200	44100	lp	0	0.7	0.05	1200	wetL	0.00995621681	0.0140820219	1200.47607	0.00869151643	16384	1	-
cutoff_norm_sr44100_n0p7_f1600	44100	lp	0	0.7	0.05	1600	wetL	0.00868749646	0.0122857572	1600.18616	0.0162243254	16384	1	-
cutoff_norm_sr44100_n0p7_f2500	44100	lp	0	0.7	0.05	2500	wetL	0.00640600452	0.00905974057	2500.54321	0.0127006383	16384	1	-
cutoff_norm_sr44100_n0p7_f3500	44100	lp	0	0.7	0.05	3500	wetL	0.00473433287	0.00669504622	3500.49133	0.00379922367	16384	1	-
cutoff_norm_sr44100_n0p7_f4500	44100	lp	0	0.7	0.05	4500	wetL	0.00363940163	0.00514460309	4499.09363	0.00379291222	16384	1	-
cutoff_norm_sr44100_n0p7_f5500	44100	lp	0	0.7	0.05	5500	wetL	0.00288900543	0.00408571504	5499.04175	0.00574795341	16384	1	-
cutoff_norm_sr44100_n0p7_f6500	44100	lp	0	0.7	0.05	6500	wetL	0.00235477708	0.00333027726	6500.33569	0.00331194846	16384	1	-
cutoff_norm_sr44100_n0p7_f7000	44100	lp	0	0.7	0.05	7000	wetL	0.00214443213	0.00303257766	6999.63684	0.00143672839	16384	1	-
cutoff_norm_sr44100_n0p7_f8000	44100	lp	0	0.7	0.05	8000	wetL	0.00180558065	0.00255348901	7999.58496	0.00180093984	16384	1	-
cutoff_norm_sr44100_n0p7_f9000	44100	lp	0	0.7	0.05	9000	wetL	0.00154844378	0.00218922174	8999.53308	0.00303575415	16384	1	-
cutoff_norm_sr44100_n0p75_f60	44100	lp	0	0.75	0.05	60	wetL	0.0127721177	0.0180062681	59.2163086	0.0232932935	16384	1	-
cutoff_norm_sr44100_n0p75_f100	44100	lp	0	0.75	0.05	100	wetL	0.0127290865	0.0179922638	99.5910645	0.00455720672	16384	1	-
cutoff_norm_sr44100_n0p75_f200	44100	lp	0	0.75	0.05	200	wetL	0.0126883309	0.0179273786	199.182129	0.0237172376	16384	1	-
cutoff_norm_sr44100_n0p75_f400	44100	lp	0	0.75	0.05	400	wetL	0.0125005636	0.0176747166	399.710083	0.0186244967	16384	1	-
cutoff_norm_sr44100_n0p75_f800	44100	lp	0	0.75	0.05	800	wetL	0.0118544568	0.0167618593	799.420166	0.0023126019	16384	1	-
cutoff_norm_sr44100_n0p75_f1200	44100	lp	0	0.75	0.05	1200	wetL	0.010968623	0.0155137549	1200.47607	0.0136002452	16384	1	-
cutoff_norm_sr44100_n0p75_f1600	44100	lp	0	0.75	0.05	1600	wetL	0.0100147595	0.0141622292	1600.18616	0.0199072353	16384	1	-
cutoff_norm_sr44100_n0p75_f2500	44100	lp	0	0.75	0.05	2500	wetL	0.00805817541	0.011395577	2499.19739	0.0158615513	16384	1	-
cutoff_norm_sr44100_n0p75_f3500	44100	lp	0	0.75	0.05	3500	wetL	0.00644398608	0.00911270127	3500.49133	0.00890803576	16384	1	-
cutoff_norm_sr44100_n0p75_f4500	44100	lp	0	0.75	0.05	4500	wetL	0.00531775755	0.00751814371	4499.09363	0.00177749442	16384	1	-
cutoff_norm_sr44100_n0p75_f5500	44100	lp	0	0.75	0.05	5500	wetL	0.00451681692	0.00638766241	5499.04175	0.00791286221	16384	1	-
cutoff_norm_sr44100_n0p75_f6500	44100	lp	0	0.75	0.05	6500	wetL	0.00392958932	0.00555747084	6500.33569	0.00730752603	16384	1	-
cutoff_norm_sr44100_n0p75_f7000	44100	lp	0	0.75	0.05	7000	wetL	0.00369342288	0.00522307033	6999.63684	0.00508149983	16384	1	-
cutoff_norm_sr44100_n0p75_f8000	44100	lp	0	0.75	0.05	8000	wetL	0.00330513515	0.00467414924	7999.58496	0.000690973447	16384	1	-
cutoff_norm_sr44100_n0p75_f9000	44100	lp	0	0.75	0.05	9000	wetL	0.00300160806	0.00424510001	8999.53308	0.00492163337	16384	1	-
cutoff_norm_sr44100_n0p8_f60	44100	lp	0	0.8	0.05	60	wetL	0.0127748387	0.0180095964	59.2163086	0.0231956209	16384	1	-
cutoff_norm_sr44100_n0p8_f100	44100	lp	0	0.8	0.05	100	wetL	0.0127348633	0.0180014911	99.5910645	0.00496245183	16384	1	-
cutoff_norm_sr44100_n0p8_f200	44100	lp	0	0.8	0.05	200	wetL	0.0127144096	0.0179637241	199.182129	0.0234626964	16384	1	-
cutoff_norm_sr44100_n0p8_f400	44100	lp	0	0.8	0.05	400	wetL	0.01260032	0.0178150704	399.710083	0.0176724703	16384	1	-
cutoff_norm_sr44100_n0p8_f800	44100	lp	0	0.8	0.05	800	wetL	0.0122042807	0.0172574326	799.420166	0.000533034564	16384	1	-
cutoff_norm_sr44100_n0p8_f1200	44100	lp	0	0.8	0.05	1200	wetL	0.0116238553	0.0164404874	1200.47607	0.0172153158	16384	1	-
cutoff_norm_sr44100_n0p8_f1600	44100	lp	0	0.8	0.05	1600	wetL	0.0109476577	0.0154811148	1598.84033	0.0218093981	16384	1	-
cutoff_norm_sr44100_n0p8_f2500	44100	lp	0	0.8	0.05	2500	wetL	0.00938228181	0.0132675494	2499.19739	0.0170490932	16384	1	-
cutoff_norm_sr44100_n0p8_f3500	44100	lp	0	0.8	0.05	3500	wetL	0.00791658112	0.0111958152	3500.49133	0.013783313	16384	1	-
cutoff_norm_sr44100_n0p8_f4500	44100	lp	0	0.8	0.05	4500	wetL	0.00681921153	0.0096392358	4500.43945	0.00218842835	16384	1	-
cutoff_norm_sr44100_n0p8_f5500	44100	lp	0	0.8	0.05	5500	wetL	0.00602181697	0.00851587605	5499.04175	0.00777853824	16384	1	-
cutoff_norm_sr44100_n0p8_f6500	44100	lp	0	0.8	0.05	6500	wetL	0.00544679431	0.00770293531	6498.98987	0.0108900522	16384	1	-
cutoff_norm_sr44100_n0p8_f7000	44100	lp	0	0.8	0.05	7000	wetL	0.0052240057	0.00738667664	6999.63684	0.00965815678	16384	1	-
cutoff_norm_sr44100_n0p8_f8000	44100	lp	0	0.8	0.05	8000	wetL	0.00488115676	0.00690233498	7999.58496	0.00337859285	16384	1	-
cutoff_norm_sr44100_n0p8_f9000	44100	lp	0	0.8	0.05	9000	wetL	0.00464968167	0.00657410165	8999.53308	0.00418229054	16384	1	-
cutoff_norm_sr44100_n0p85_f60	44100	lp	0	0.85	0.05	60	wetL	0.0127753389	0.0180101843	59.2163086	0.0231743918	16384	1	-
cutoff_norm_sr44100_n0p85_f100	44100	lp	0	0.85	0.05	100	wetL	0.012735879	0.0180031215	99.5910645	0.00504858299	16384	1	-
cutoff_norm_sr44100_n0p85_f200	44100	lp	0	0.85	0.05	200	wetL	0.012719121	0.0179702699	199.182129	0.0234035521	16384	1	-
cutoff_norm_sr44100_n0p85_f400	44100	lp	0	0.85	0.05	400	wetL	0.0126184937	0.0178406081	399.710083	0.0174525726	16384	1	-
cutoff_norm_sr44100_n0p85_f800	44100	lp	0	0.85	0.05	800	wetL	0.0122701099	0.0173507013	799.420166	0.00117276655	16384	1	-
cutoff_norm_sr44100_n0p85_f1200	44100	lp	0	0.85	0.05	1200	wetL	0.0117528935	0.016622587	1200.47607	0.017971683	16384	1	-
cutoff_norm_sr44100_n0p85_f1600	44100	lp	0	0.85	0.05	1600	wetL	0.011140069	0.0157530976	1598.84033	0.0220810159	16384	1	-
cutoff_norm_sr44100_n0p85_f2500	44100	lp	0	0.85	0.05	2500	wetL	0.00967930861	0.0136874512	2499.19739	0.017088601	16384	1	-
cutoff_norm_sr44100_n0p85_f3500	44100	lp	0	0.85	0.05	3500	wetL	0.00826335041	0.0116835461	3500.49133	0.0149050792	16384	1	-
cutoff_norm_sr44100_n0p85_f4500	44100	lp	0	0.85	0.05	4500	wetL	0.00717739532	0.0101486424	4500.43945	0.00337189288	16384	1	-
cutoff_norm_sr44100_n0p85_f5500	44100	lp	0	0.85	0.05	5500	wetL	0.00637800319	0.00901964733	5499.04175	0.00738869237	16384	1	-
cutoff_norm_sr44100_n0p85_f6500	44100	lp	0	0.85	0.05	6500	wetL	0.0057992016	0.00820136784	6498.98987	0.0115163082	16384	1	-
cutoff_norm_sr44100_n0p85_f7000	44100	lp	0	0.85	0.05	7000	wetL	0.00557554267	0.0078834194	6999.63684	0.0106771564	16384	1	-
cutoff_norm_sr44100_n0p85_f8000	44100	lp	0	0.85	0.05	8000	wetL	0.00523505425	0.00740224303	7999.58496	0.00467863851	16384	1	-
cutoff_norm_sr44100_n0p85_f9000	44100	lp	0	0.85	0.05	9000	wetL	0.00501288772	0.00708665485	8999.53308	0.0033823191	16384	1	-
cutoff_norm_sr44100_n0p9_f60	44100	lp	0	0.9	0.05	60	wetL	0.0127753389	0.0180101843	59.2163086	0.0231743918	16384	1	-
cutoff_norm_sr44100_n0p9_f100	44100	lp	0	0.9	0.05	100	wetL	0.012735879	0.0180031215	99.5910645	0.00504858299	16384	1	-
cutoff_norm_sr44100_n0p9_f200	44100	lp	0	0.9	0.05	200	wetL	0.012719121	0.0179702699	199.182129	0.0234035521	16384	1	-
cutoff_norm_sr44100_n0p9_f400	44100	lp	0	0.9	0.05	400	wetL	0.0126184937	0.0178406081	399.710083	0.0174525726	16384	1	-
cutoff_norm_sr44100_n0p9_f800	44100	lp	0	0.9	0.05	800	wetL	0.0122701099	0.0173507013	799.420166	0.00117276655	16384	1	-
cutoff_norm_sr44100_n0p9_f1200	44100	lp	0	0.9	0.05	1200	wetL	0.0117528935	0.016622587	1200.47607	0.017971683	16384	1	-
cutoff_norm_sr44100_n0p9_f1600	44100	lp	0	0.9	0.05	1600	wetL	0.011140069	0.0157530976	1598.84033	0.0220810159	16384	1	-
cutoff_norm_sr44100_n0p9_f2500	44100	lp	0	0.9	0.05	2500	wetL	0.00967930861	0.0136874512	2499.19739	0.017088601	16384	1	-
cutoff_norm_sr44100_n0p9_f3500	44100	lp	0	0.9	0.05	3500	wetL	0.00826335041	0.0116835461	3500.49133	0.0149050792	16384	1	-
cutoff_norm_sr44100_n0p9_f4500	44100	lp	0	0.9	0.05	4500	wetL	0.00717739532	0.0101486424	4500.43945	0.00337189288	16384	1	-
cutoff_norm_sr44100_n0p9_f5500	44100	lp	0	0.9	0.05	5500	wetL	0.00637800319	0.00901964733	5499.04175	0.00738869237	16384	1	-
cutoff_norm_sr44100_n0p9_f6500	44100	lp	0	0.9	0.05	6500	wetL	0.0057992016	0.00820136784	6498.98987	0.0115163082	16384	1	-
cutoff_norm_sr44100_n0p9_f7000	44100	lp	0	0.9	0.05	7000	wetL	0.00557554267	0.0078834194	6999.63684	0.0106771564	16384	1	-
cutoff_norm_sr44100_n0p9_f8000	44100	lp	0	0.9	0.05	8000	wetL	0.00523505425	0.00740224303	7999.58496	0.00467863851	16384	1	-
cutoff_norm_sr44100_n0p9_f9000	44100	lp	0	0.9	0.05	9000	wetL	0.00501288772	0.00708665485	8999.53308	0.0033823191	16384	1	-
cutoff_norm_sr44100_n0p95_f60	44100	lp	0	0.95	0.05	60	wetL	0.0127753389	0.0180101843	59.2163086	0.0231743918	16384	1	-
cutoff_norm_sr44100_n0p95_f100	44100	lp	0	0.95	0.05	100	wetL	0.012735879	0.0180031215	99.5910645	0.00504858299	16384	1	-
cutoff_norm_sr44100_n0p95_f200	44100	lp	0	0.95	0.05	200	wetL	0.012719121	0.0179702699	199.182129	0.0234035521	16384	1	-
cutoff_norm_sr44100_n0p95_f400	44100	lp	0	0.95	0.05	400	wetL	0.0126184937	0.0178406081	399.710083	0.0174525726	16384	1	-
cutoff_norm_sr44100_n0p95_f800	44100	lp	0	0.95	0.05	800	wetL	0.0122701099	0.0173507013	799.420166	0.00117276655	16384	1	-
cutoff_norm_sr44100_n0p95_f1200	44100	lp	0	0.95	0.05	1200	wetL	0.0117528935	0.016622587	1200.47607	0.017971683	16384	1	-
cutoff_norm_sr44100_n0p95_f1600	44100	lp	0	0.95	0.05	1600	wetL	0.011140069	0.0157530976	1598.84033	0.0220810159	16384	1	-
cutoff_norm_sr44100_n0p95_f2500	44100	lp	0	0.95	0.05	2500	wetL	0.00967930861	0.0136874512	2499.19739	0.017088601	16384	1	-
cutoff_norm_sr44100_n0p95_f3500	44100	lp	0	0.95	0.05	3500	wetL	0.00826335041	0.0116835461	3500.49133	0.0149050792	16384	1	-
cutoff_norm_sr44100_n0p95_f4500	44100	lp	0	0.95	0.05	4500	wetL	0.00717739532	0.0101486424	4500.43945	0.00337189288	16384	1	-
cutoff_norm_sr44100_n0p95_f5500	44100	lp	0	0.95	0.05	5500	wetL	0.00637800319	0.00901964733	5499.04175	0.00738869237	16384	1	-
cutoff_norm_sr44100_n0p95_f6500	44100	lp	0	0.95	0.05	6500	wetL	0.0057992016	0.00820136784	6498.98987	0.0115163082	16384	1	-
cutoff_norm_sr44100_n0p95_f7000	44100	lp	0	0.95	0.05	7000	wetL	0.00557554267	0.0078834194	6999.63684	0.0106771564	16384	1	-
cutoff_norm_sr44100_n0p95_f8000	44100	lp	0	0.95	0.05	8000	wetL	0.00523505425	0.00740224303	7999.58496	0.00467863851	16384	1	-
cutoff_norm_sr44100_n0p95_f9000	44100	lp	0	0.95	0.05	9000	wetL	0.00501288772	0.00708665485	8999.53308	0.0033823191	16384	1	-
cutoff_norm_sr44100_n1_f60	44100	lp	0	1	0.05	60	wetL	0.0127753389	0.0180101843	59.2163086	0.0231743918	16384	1	-
cutoff_norm_sr44100_n1_f100	44100	lp	0	1	0.05	100	wetL	0.012735879	0.0180031215	99.5910645	0.00504858299	16384	1	-
cutoff_norm_sr44100_n1_f200	44100	lp	0	1	0.05	200	wetL	0.012719121	0.0179702699	199.182129	0.0234035521	16384	1	-
cutoff_norm_sr44100_n1_f400	44100	lp	0	1	0.05	400	wetL	0.0126184937	0.0178406081	399.710083	0.0174525726	16384	1	-
cutoff_norm_sr44100_n1_f800	44100	lp	0	1	0.05	800	wetL	0.0122701099	0.0173507013	799.420166	0.00117276655	16384	1	-
cutoff_norm_sr44100_n1_f1200	44100	lp	0	1	0.05	1200	wetL	0.0117528935	0.016622587	1200.47607	0.017971683	16384	1	-
cutoff_norm_sr44100_n1_f1600	44100	lp	0	1	0.05	1600	wetL	0.011140069	0.0157530976	1598.84033	0.0220810159	16384	1	-
cutoff_norm_sr44100_n1_f2500	44100	lp	0	1	0.05	2500	wetL	0.00967930861	0.0136874512	2499.19739	0.017088601	16384	1	-
cutoff_norm_sr44100_n1_f3500	44100	lp	0	1	0.05	3500	wetL	0.00826335041	0.0116835461	3500.49133	0.0149050792	16384	1	-
cutoff_norm_sr44100_n1_f4500	44100	lp	0	1	0.05	4500	wetL	0.00717739532	0.0101486424	4500.43945	0.00337189288	16384	1	-
cutoff_norm_sr44100_n1_f5500	44100	lp	0	1	0.05	5500	wetL	0.00637800319	0.00901964733	5499.04175	0.00738869237	16384	1	-
cutoff_norm_sr44100_n1_f6500	44100	lp	0	1	0.05	6500	wetL	0.0057992016	0.00820136784	6498.98987	0.0115163082	16384	1	-
cutoff_norm_sr44100_n1_f7000	44100	lp	0	1	0.05	7000	wetL	0.00557554267	0.0078834194	6999.63684	0.0106771564	16384	1	-
cutoff_norm_sr44100_n1_f8000	44100	lp	0	1	0.05	8000	wetL	0.00523505425	0.00740224303	7999.58496	0.00467863851	16384	1	-
cutoff_norm_sr44100_n1_f9000	44100	lp	0	1	0.05	9000	wetL	0.00501288772	0.00708665485	8999.53308	0.0033823191	16384	1	-
cutoff_norm_sr48000_n0_f60	48000	lp	0	0	0.05	60	wetL	0.001275719	0.00180542054	60.0585938	0.000437183278	16384	1	-
cutoff_norm_sr48000_n0_f100	48000	lp	0	0	0.05	100	wetL	0.000491482619	0.000695219691	99.609375	0.000806565625	16384	1	-
cutoff_norm_sr48000_n0_f200	48000	lp	0	0	0.05	200	wetL	0.000126594511	0.000179122955	199.21875	0.00020622804	16384	1	-
cutoff_norm_sr48000_n0_f400	48000	lp	0	0	0.05	400	wetL	3.18587988e-05	4.52358399e-05	399.902344	3.76766354e-05	16384	1	-
cutoff_norm_sr48000_n0_f800	48000	lp	0	0	0.05	800	wetL	7.98562396e-06	1.13796998e-05	799.804688	2.46123668e-06	16384	1	-
cutoff_norm_sr48000_n0_f1200	48000	lp	0	0	0.05	1200	wetL	3.55385077e-06	5.09360607e-06	1199.70703	5.88547002e-06	16384	1	-
cutoff_norm_sr48000_n0_f1600	48000	lp	0	0	0.05	1600	wetL	2.00256985e-06	2.87667382e-06	1599.60938	3.89515681e-06	16384	1	-
cutoff_norm_sr48000_n0_f2500	48000	lp	0	0	0.05	2500	wetL	8.24643743e-07	1.20006373e-06	2500.48828	8.47240329e-07	16384	1	-
cutoff_norm_sr48000_n0_f3500	48000	lp	0	0	0.05	3500	wetL	4.2444188e-07	6.23736294e-07	3499.51172	4.1610627e-07	16384	1	-
cutoff_norm_sr48000_n0_f5000	48000	lp	0	0	0.05	5000	wetL	2.11821866e-07	3.15564246e-07	4999.51172	2.08963502e-07	16384	1	-
cutoff_norm_sr48000_n0_f6000	48000	lp	0	0	0.05	6000	wetL	1.49442936e-07	2.24913932e-07	6000	2.98867562e-07	16384	1	-
cutoff_norm_sr48000_n0_f7000	48000	lp	0	0	0.05	7000	wetL	1.11878352e-07	1.68641132e-07	7000.48828	1.12903492e-07	16384	1	-
cutoff_norm_sr48000_n0_f8000	48000	lp	0	0	0.05	8000	wetL	8.7547415e-08	1.17377695e-07	7999.51172	8.68513253e-08	16384	1	-
cutoff_norm_sr48000_n0_f9000	48000	lp	0	0	0.05	9000	wetL	7.09083091e-08	1.08729874e-07	9000	1.41805553e-07	16384	1	-
cutoff_norm_sr48000_n0_f10000	48000	lp	0	0	0.05	10000	wetL	5.90588167e-08	9.09143861e-08	9999.02344	5.9405385e-08	16384	1	-
cutoff_norm_sr48000_n0p05_f60	48000	lp	0	0.05	0.05	60	wetL	0.00231497589	0.00327547796	60.0585938	0.000303787911	16384	1	-
cutoff_norm_sr48000_n0p05_f100	48000	lp	0	0.05	0.05	100	wetL	0.000945451902	0.00133545937	99.609375	0.00136490267	16384	1	-
cutoff_norm_sr48000_n0p05_f200	48000	lp	0	0.05	0.05	200	wetL	0.000250372203	0.000353669476	199.21875	0.000382822126	16384	1	-
cutoff_norm_sr48000_n0p05_f400	48000	lp	0	0.05	0.05	400	wetL	6.3476899e-05	8.97572043e-05	399.902344	7.07742033e-05	16384	1	-
cutoff_norm_sr48000_n0p05_f800	48000	lp	0	0.05	0.05	800	wetL	1.59405904e-05	2.25307047e-05	799.804688	5.56399442e-06	16384	1	-
cutoff_norm_sr48000_n0p05_f1200	48000	lp	0	0.05	0.05	1200	wetL	7.09648334e-06	1.00273682e-05	1199.70703	1.18610355e-05	16384	1	-
cutoff_norm_sr48000_n0p05_f1600	48000	lp	0	0.05	0.05	1600	wetL	3.99930703e-06	5.64384368e-06	1599.60938	7.7593624e-06	16384	1	-
cutoff_norm_sr48000_n0p05_f2500	48000	lp	0	0.05	0.05	2500	wetL	1.64703585e-06	2.32969611e-06	2500.48828	1.71070966e-06	16384	1	-
cutoff_norm_sr48000_n0p05_f3500	48000	lp	0	0.05	0.05	3500	wetL	8.47740658e-07	1.19917532e-06	3499.51172	8.24183232e-07	16384	1	-
cutoff_norm_sr48000_n0p05_f5000	48000	lp	0	0.05	0.05	5000	wetL	4.2307198e-07	5.98652054e-07	4999.51172	4.14998841e-07	16384	1	-
cutoff_norm_sr48000_n0p05_f6000	48000	lp	0	0.05	0.05	6000	wetL	2.98484864e-07	4.22443933e-07	5998.53516	5.96945757e-07	16384	1	-
cutoff_norm_sr48000_n0p05_f7000	48000	lp	0	0.05	0.05	7000	wetL	2.23451679e-07	3.16255935e-07	7000.48828	2.26345457e-07	16384	1	-
cutoff_norm_sr48000_n0p05_f8000	48000	lp	0	0.05	0.05	8000	wetL	1.74852862e-07	2.15188738e-07	7999.51172	1.72889007e-07	16384	1	-
cutoff_norm_sr48000_n0p05_f9000	48000	lp	0	0.05	0.05	9000	wetL	1.4162147e-07	2.00490766e-07	8998.53516	2.83238567e-07	16384	1	-
cutoff_norm_sr48000_n0p05_f10000	48000	lp	0	0.05	0.05	10000	wetL	1.17953394e-07	1.66994521e-07	9999.02344	1.18932616e-07	16384	1	-
cutoff_norm_sr48000_n0p1_f60	48000	lp	0	0.1	0.05	60	wetL	0.00391062615	0.00553274886	60.0585938	0.00276106848	16384	1	-
cutoff_norm_sr48000_n0p1_f100	48000	lp	0	0.1	0.05	100	wetL	0.00175847729	0.002482854	99.609375	0.00197838162	16384	1	-
cutoff_norm_sr48000_n0p1_f200	48000	lp	0	0.1	0.05	200	wetL	0.000490584782	0.000692990642	199.21875	0.000673357916	16384	1	-
cutoff_norm_sr48000_n0p1_f400	48000	lp	0	0.1	0.05	400	wetL	0.000126213246	0.000178470063	399.902344	0.000128267384	16384	1	-
cutoff_norm_sr48000_n0p1_f800	48000	lp	0	0.1	0.05	800	wetL	3.18141971e-05	4.49873303e-05	799.804688	1.29357425e-05	16384	1	-
cutoff_norm_sr48000_n0p1_f1200	48000	lp	0	0.1	0.05	1200	wetL	1.41731106e-05	2.00009462e-05	1199.70703	2.39885126e-05	16384	1	-
cutoff_norm_sr48000_n0p1_f1600	48000	lp	0	0.1	0.05	1600	wetL	7.98943379e-06	1.12822666e-05	1599.60938	1.54425527e-05	16384	1	-
cutoff_norm_sr48000_n0p1_f2500	48000	lp	0	0.1	0.05	2500	wetL	3.29089516e-06	4.65201754e-06	2500.48828	3.47040984e-06	16384	1	-
cutoff_norm_sr48000_n0p1_f3500	48000	lp	0	0.1	0.05	3500	wetL	1.69395506e-06	2.39486087e-06	3499.51172	1.62730633e-06	16384	1	-
cutoff_norm_sr48000_n0p1_f5000	48000	lp	0	0.1	0.05	5000	wetL	8.45410699e-07	1.19539797e-06	4999.51172	8.22589197e-07	16384	1	-
cutoff_norm_sr48000_n0p1_f6000	48000	lp	0	0.1	0.05	6000	wetL	5.96458296e-07	8.43445164e-07	5998.53516	1.19282074e-06	16384	1	-
cutoff_norm_sr48000_n0p1_f7000	48000	lp	0	0.1	0.05	7000	wetL	4.46523018e-07	6.31450232e-07	7000.48828	4.54706914e-07	16384	1	-
cutoff_norm_sr48000_n0p1_f8000	48000	lp	0	0.1	0.05	8000	wetL	3.49409525e-07	4.30161291e-07	7999.51172	3.43864494e-07	16384	1	-
cutoff_norm_sr48000_n0p1_f9000	48000	lp	0	0.1	0.05	9000	wetL	2.830038e-07	4.00209313e-07	8998.53516	5.65990121e-07	16384	1	-
cutoff_norm_sr48000_n0p1_f10000	48000	lp	0	0.1	0.05	10000	wetL	2.35708012e-07	3.33328993e-07	9999.02344	2.3848097e-07	16384	1	-
cutoff_norm_sr48000_n0p15_f60	48000	lp	0	0.15	0.05	60	wetL	0.00597264558	0.00844787536	60.0585938	0.00766199712	16384	1	-
cutoff_norm_sr48000_n0p15_f100	48000	lp	0	0.15	0.05	100	wetL	0.00308576804	0.00435651038	99.609375	0.00199909896	16384	1	-
cutoff_norm_sr48000_n0p15_f200	48000	lp	0	0.15	0.05	200	wetL	0.000943947589	0.00133354513	199.21875	0.00106519569	16384	1	-
cutoff_norm_sr48000_n0p15_f400	48000	lp	0	0.15	0.05	400	wetL	0.000249860888	0.000353251744	399.902344	0.000217789401	16384	1	-
cutoff_norm_sr48000_n0p15_f800	48000	lp	0	0.15	0.05	800	wetL	6.34543436e-05	8.96690771e-05	799.804688	3.09304556e-05	16384	1	-
cutoff_norm_sr48000_n0p15_f1200	48000	lp	0	0.15	0.05	1200	wetL	2.8308596e-05	3.99592942e-05	1199.70703	4.87297466e-05	16384	1	-
cutoff_norm_sr48000_n0p15_f1600	48000	lp	0	0.15	0.05	1600	wetL	1.59656719e-05	2.25665813e-05	1599.60938	3.06830082e-05	16384	1	-
cutoff_norm_sr48000_n0p15_f2500	48000	lp	0	0.15	0.05	2500	wetL	6.57879473e-06	9.30256113e-06	2500.48828	7.08480391e-06	16384	1	-
cutoff_norm_sr48000_n0p15_f3500	48000	lp	0	0.15	0.05	3500	wetL	3.38680405e-06	4.78693267e-06	3499.51172	3.19782176e-06	16384	1	-
cutoff_norm_sr48000_n0p15_f5000	48000	lp	0	0.15	0.05	5000	wetL	1.69038389e-06	2.38988587e-06	4999.51172	1.62573313e-06	16384	1	-
cutoff_norm_sr48000_n0p15_f6000	48000	lp	0	0.15	0.05	6000	wetL	1.19263128e-06	1.68634767e-06	5998.53516	2.38487849e-06	16384	1	-
cutoff_norm_sr48000_n0p15_f7000	48000	lp	0	0.15	0.05	7000	wetL	8.92842946e-07	1.26253949e-06	7000.48828	9.15999399e-07	16384	1	-
cutoff_norm_sr48000_n0p15_f8000	48000	lp	0	0.15	0.05	8000	wetL	6.98665855e-07	8.61963206e-07	7999.51172	6.82975555e-07	16384	1	-
cutoff_norm_sr48000_n0p15_f9000	48000	lp	0	0.15	0.05	9000	wetL	5.65886413e-07	8.0022047e-07	8998.53516	1.13170279e-06	16384	1	-
cutoff_norm_sr48000_n0p15_f10000	48000	lp	0	0.15	0.05	10000	wetL	4.71316802e-07	6.66500369e-07	9999.02344	4.79172188e-07	16384	1	-
cutoff_norm_sr48000_n0p2_f60	48000	lp	0	0.2	0.05	60	wetL	0.008117827	0.0114783216	60.0585938	0.0139861934	16384	1	-
cutoff_norm_sr48000_n0p2_f100	48000	lp	0	0.2	0.05	100	wetL	0.00495549144	0.00699974845	99.609375	0.00011464669	16384	1	-
cutoff_norm_sr48000_n0p2_f200	48000	lp	0	0.2	0.05	200	wetL	0.00175561402	0.00248094622	199.21875	0.00133134695	16384	1	-
cutoff_norm_sr48000_n0p2_f400	48000	lp	0	0.2	0.05	400	wetL	0.000490212809	0.000693021087	399.902344	0.000323417657	16384	1	-
cutoff_norm_sr48000_n0p2_f800	48000	lp	0	0.2	0.05	800	wetL	0.000126351856	0.000178667277	799.804688	7.58531727e-05	16384	1	-
cutoff_norm_sr48000_n0p2_f1200	48000	lp	0	0.2	0.05	1200	wetL	5.65286301e-05	7.9929065e-05	1199.70703	9.94899221e-05	16384	1	-
cutoff_norm_sr48000_n0p2_f1600	48000	lp	0	0.2	0.05	1600	wetL	3.19134784e-05	4.51332852e-05	1599.60938	6.07856885e-05	16384	1	-
cutoff_norm_sr48000_n0p2_f2500	48000	lp	0	0.2	0.05	2500	wetL	1.31601029e-05	1.86125481e-05	2500.48828	1.45858536e-05	16384	1	-
cutoff_norm_sr48000_n0p2_f3500	48000	lp	0	0.2	0.05	3500	wetL	6.77665694e-06	9.58106684e-06	3499.51172	6.23925459e-06	16384	1	-
cutoff_norm_sr48000_n0p2_f5000	48000	lp	0	0.2	0.05	5000	wetL	3.38275231e-06	4.78142005e-06	4999.51172	3.19910231e-06	16384	1	-
cutoff_norm_sr48000_n0p2_f6000	48000	lp	0	0.2	0.05	6000	wetL	2.38675757e-06	3.37426172e-06	5998.53516	4.7719722e-06	16384	1	-
cutoff_norm_sr48000_n0p2_f7000	48000	lp	0	0.2	0.05	7000	wetL	1.78684778e-06	2.52643357e-06	7000.48828	1.85243108e-06	16384	1	-
cutoff_norm_sr48000_n0p2_f8000	48000	lp	0	0.2	0.05	8000	wetL	1.39826368e-06	1.73023874e-06	7999.51172	1.35374881e-06	16384	1	-
cutoff_norm_sr48000_n0p2_f9000	48000	lp	0	0.2	0.05	9000	wetL	1.13253951e-06	1.60142525e-06	8998.53516	2.26479763e-06	16384	1	-
cutoff_norm_sr48000_n0p2_f10000	48000	lp	0	0.2	0.05	10000	wetL	9.43279163e-07	1.33385085e-06	9999.02344	9.65553916e-07	16384	1	-
cutoff_norm_sr48000_n0p25_f60	48000	lp	0	0.25	0.05	60	wetL	0.00990242788	0.0139981858	60.0585938	0.0193229123	16384	1	-
cutoff_norm_sr48000_n0p25_f100	48000	lp	0	0.25	0.05	100	wetL	0.00710986604	0.0100533507	99.609375	0.00462116873	16384	1	-
cutoff_norm_sr48000_n0p25_f200	48000	lp	0	0.25	0.05	200	wetL	0.00307908657	0.00435335697	199.21875	0.000730748272	16384	1	-
cutoff_norm_sr48000_n0p25_f400	48000	lp	0	0.25	0.05	400	wetL	0.000944651632	0.00133549462	399.902344	0.000333982748	16384	1	-
cutoff_norm_sr48000_n0p25_f800	48000	lp	0	0.25	0.05	800	wetL	0.000250622693	0.000354242493	799.804688	0.000189501778	16384	1	-
cutoff_norm_sr48000_n0p25_f1200	48000	lp	0	0.25	0.05	1200	wetL	0.000112764556	0.000159406392	1201.17188	0.000204114244	16384	1	-
cutoff_norm_sr48000_n0p25_f1600	48000	lp	0	0.25	0.05	1600	wetL	6.37905471e-05	9.01528179e-05	1599.60938	0.000119771333	16384	1	-
cutoff_norm_sr48000_n0p25_f2500	48000	lp	0	0.25	0.05	2500	wetL	2.6345277e-05	3.72489983e-05	2500.48828	3.03589524e-05	16384	1	-
cutoff_norm_sr48000_n0p25_f3500	48000	lp	0	0.25	0.05	3500	wetL	1.35733323e-05	1.91943524e-05	3499.51172	1.20393486e-05	16384	1	-
cutoff_norm_sr48000_n0p25_f5000	48000	lp	0	0.25	0.05	5000	wetL	6.77737837e-06	9.57494833e-06	4999.51172	6.25379955e-06	16384	1	-
cutoff_norm_sr48000_n0p25_f6000	48000	lp	0	0.25	0.05	6000	wetL	4.78227975e-06	6.75870105e-06	5998.53516	9.55833792e-06	16384	1	-
cutoff_norm_sr48000_n0p25_f7000	48000	lp	0	0.25	0.05	7000	wetL	3.58043141e-06	5.06122402e-06	7000.48828	3.76645353e-06	16384	1	-
cutoff_norm_sr48000_n0p25_f8000	48000	lp	0	0.25	0.05	8000	wetL	2.80188989e-06	3.48166206e-06	7999.51172	2.67516165e-06	16384	1	-
cutoff_norm_sr48000_n0p25_f9000	48000	lp	0	0.25	0.05	9000	wetL	2.26947093e-06	3.20865695e-06	8998.53516	4.53780699e-06	16384	1	-
cutoff_norm_sr48000_n0p25_f10000	48000	lp	0	0.25	0.05	10000	wetL	1.89024502e-06	2.67266069e-06	9999.02344	1.95351515e-06	16384	1	-
cutoff_norm_sr48000_n0p3_f60	48000	lp	0	0.3	0.05	60	wetL	0.0111321376	0.0157351541	58.59375	0.0222625317	16384	1	-
cutoff_norm_sr48000_n0p3_f100	48000	lp	0	0.3	0.05	100	wetL	0.00909177813	0.0128696103	99.609375	0.0111425083	16384	1	-
cutoff_norm_sr48000_n0p3_f200	48000	lp	0	0.3	0.05	200	wetL	0.00493978405	0.00698960615	200.683594	0.00198278268	16384	1	-
cutoff_norm_sr48000_n0p3_f400	48000	lp	0	0.3	0.05	400	wetL	0.00175924318	0.00248730535	399.902344	0.000124634748	16384	1	-
cutoff_norm_sr48000_n0p3_f800	48000	lp	0	0.3	0.05	800	wetL	0.00049290819	0.0006969247	799.804688	0.00047614531	16384	1	-
cutoff_norm_sr48000_n0p3_f1200	48000	lp	0	0.3	0.05	1200	wetL	0.000224301225	0.000316908019	1201.17188	0.000419771379	16384	1	-
cutoff_norm_sr48000_n0p3_f1600	48000	lp	0	0.3	0.05	1600	wetL	0.000127404079	0.000179337272	1599.60938	0.00023357793	16384	1	-
cutoff_norm_sr48000_n0p3_f2500	48000	lp	0	0.3	0.05	2500	wetL	5.27807216e-05	7.46486453e-05	2500.48828	6.40573524e-05	16384	1	-
cutoff_norm_sr48000_n0p3_f3500	48000	lp	0	0.3	0.05	3500	wetL	2.72221234e-05	3.84828257e-05	3499.51172	2.28216971e-05	16384	1	-
cutoff_norm_sr48000_n0p3_f5000	48000	lp	0	0.3	0.05	5000	wetL	1.36001388e-05	1.91950124e-05	4999.51172	1.21001312e-05	16384	1	-
cutoff_norm_sr48000_n0p3_f6000	48000	lp	0	0.3	0.05	6000	wetL	9.59817161e-06	1.3555903e-05	5998.53516	1.91711251e-05	16384	1	-
cutoff_norm_sr48000_n0p3_f7000	48000	lp	0	0.3	0.05	7000	wetL	7.18674397e-06	1.01542825e-05	7000.48828	7.71554046e-06	16384	1	-
cutoff_norm_sr48000_n0p3_f8000	48000	lp	0	0.3	0.05	8000	wetL	5.62440545e-06	7.02993559e-06	7999.51172	5.26194217e-06	16384	1	-
cutoff_norm_sr48000_n0p3_f9000	48000	lp	0	0.3	0.05	9000	wetL	4.55584813e-06	6.43957342e-06	8998.53516	9.10709433e-06	16384	1	-
cutoff_norm_sr48000_n0p3_f10000	48000	lp	0	0.3	0.05	10000	wetL	3.79468979e-06	5.36436312e-06	9999.02344	3.97488058e-06	16384	1	-
cutoff_norm_sr48000_n0p35_f60	48000	lp	0	0.35	0.05	60	wetL	0.0118739952	0.0167839575	60.0585938	0.0231214841	16384	1	-
cutoff_norm_sr48000_n0p35_f100	48000	lp	0	0.35	0.05	100	wetL	0.0105768504	0.014981233	101.074219	0.0171210649	16384	1	-
cutoff_norm_sr48000_n0p35_f200	48000	lp	0	0.35	0.05	200	wetL	0.00708121281	0.0100250565	200.683594	0.00735730546	16384	1	-
cutoff_norm_sr48000_n0p35_f400	48000	lp	0	0.35	0.05	400	wetL	0.00308625594	0.00436421368	399.902344	0.00187449949	16384	1	-
cutoff_norm_sr48000_n0p35_f800	48000	lp	0	0.35	0.05	800	wetL	0.000952326464	0.00134585852	799.804688	0.00117613706	16384	1	-
cutoff_norm_sr48000_n0p35_f1200	48000	lp	0	0.35	0.05	1200	wetL	0.000443079199	0.00062533733	1201.17188	0.000858796059	16384	1	-
cutoff_norm_sr48000_n0p35_f1600	48000	lp	0	0.35	0.05	1600	wetL	0.000253736815	0.00035869089	1599.60938	0.000446424392	16384	1	-
cutoff_norm_sr48000_n0p35_f2500	48000	lp	0	0.35	0.05	2500	wetL	0.00010578409	0.000149598952	2500.48828	0.000137328168	16384	1	-
cutoff_norm_sr48000_n0p35_f3500	48000	lp	0	0.35	0.05	3500	wetL	5.46784427e-05	7.73218845e-05	3499.51172	4.19751946e-05	16384	1	-
cutoff_norm_sr48000_n0p35_f5000	48000	lp	0	0.35	0.05	5000	wetL	2.73491632e-05	3.86419912e-05	4999.51172	2.30234086e-05	16384	1	-
cutoff_norm_sr48000_n0p35_f6000	48000	lp	0	0.35	0.05	6000	wetL	1.9308018e-05	2.72325962e-05	5998.53516	3.85130756e-05	16384	1	-
cutoff_norm_sr48000_n0p35_f7000	48000	lp	0	0.35	0.05	7000	wetL	1.44600825e-05	2.04114075e-05	7000.48828	1.59678882e-05	16384	1	-
cutoff_norm_sr48000_n0p35_f8000	48000	lp	0	0.35	0.05	8000	wetL	1.13181162e-05	1.42617979e-05	7999.51172	1.02747256e-05	16384	1	-
cutoff_norm_sr48000_n0p35_f9000	48000	lp	0	0.35	0.05	9000	wetL	9.1686677e-06	1.29529259e-05	8998.53516	1.83185301e-05	16384	1	-
cutoff_norm_sr48000_n0p35_f10000	48000	lp	0	0.35	0.05	10000	wetL	7.63732669e-06	1.07922498e-05	9999.02344	8.15250494e-06	16384	1	-
cutoff_norm_sr48000_n0p4_f60	48000	lp	0	0.4	0.05	60	wetL	0.0122863954	0.0173678937	60.0585938	0.0228304413	16384	1	-
cutoff_norm_sr48000_n0p4_f100	48000	lp	0	0.4	0.05	100	wetL	0.011529939	0.0163333059	101.074219	0.021218259	16384	1	-
cutoff_norm_sr48000_n0p4_f200	48000	lp	0	0.4	0.05	200	wetL	0.00905496653	0.0128192476	200.683594	0.0138994463	16384	1	-
cutoff_norm_sr48000_n0p4_f400	48000	lp	0	0.4	0.05	400	wetL	0.0049429988	0.00699034141	399.902344	0.00583956234	16384	1	-
cutoff_norm_sr48000_n0p4_f800	48000	lp	0	0.4	0.05	800	wetL	0.00177658804	0.00250994021	799.804688	0.00274708253	16384	1	-
cutoff_norm_sr48000_n0p4_f1200	48000	lp	0	0.4	0.05	1200	wetL	0.000861816047	0.00121641139	1201.17188	0.00171603441	16384	1	-
cutoff_norm_sr48000_n0p4_f1600	48000	lp	0	0.4	0.05	1600	wetL	0.000501590483	0.000706363586	1599.60938	0.000819181581	16384	1	-
cutoff_norm_sr48000_n0p4_f2500	48000	lp	0	0.4	0.05	2500	wetL	0.000211826238	0.000299589963	2500.48828	0.000299224164	16384	1	-
cutoff_norm_sr48000_n0p4_f3500	48000	lp	0	0.4	0.05	3500	wetL	0.000109985806	0.000155523407	3499.51172	7.30359918e-05	16384	1	-
cutoff_norm_sr48000_n0p4_f5000	48000	lp	0	0.4	0.05	5000	wetL	5.51465891e-05	7.79848441e-05	4999.51172	4.25625838e-05	16384	1	-
cutoff_norm_sr48000_n0p4_f6000	48000	lp	0	0.4	0.05	6000	wetL	3.89603181e-05	5.47974591e-05	5998.53516	7.74960547e-05	16384	1	-
cutoff_norm_sr48000_n0p4_f7000	48000	lp	0	0.4	0.05	7000	wetL	2.91905709e-05	4.12438564e-05	7000.48828	3.3507662e-05	16384	1	-
cutoff_norm_sr48000_n0p4_f8000	48000	lp	0	0.4	0.05	8000	wetL	2.28543364e-05	2.91219184e-05	7999.51172	1.98237985e-05	16384	1	-
cutoff_norm_sr48000_n0p4_f9000	48000	lp	0	0.4	0.05	9000	wetL	1.85175467e-05	2.61323625e-05	8998.53516	3.69574015e-05	16384	1	-
cutoff_norm_sr48000_n0p4_f10000	48000	lp	0	0.4	0.05	10000	wetL	1.54268592e-05	2.1781853e-05	9999.02344	1.69080508e-05	16384	1	-
cutoff_norm_sr48000_n0p45_f60	48000	lp	0	0.45	0.05	60	wetL	0.0125054526	0.0176787862	60.0585938	0.022108754	16384	1	-
cutoff_norm_sr48000_n0p45_f100	48000	lp	0	0.45	0.05	100	wetL	0.0120832003	0.0171149012	101.074219	0.0235117586	16384	1	-
cutoff_norm_sr48000_n0p45_f200	48000	lp	0	0.45	0.05	200	wetL	0.0105425682	0.0149207895	200.683594	0.0193116339	16384	1	-
cutoff_norm_sr48000_n0p45_f400	48000	lp	0	0.45	0.05	400	wetL	0.00706326663	0.0099878626	399.902344	0.0116987431	16384	1	-
cutoff_norm_sr48000_n0p45_f800	48000	lp	0	0.45	0.05	800	wetL	0.00311310069	0.00440276967	799.804688	0.00571686172	16384	1	-
cutoff_norm_sr48000_n0p45_f1200	48000	lp	0	0.45	0.05	1200	wetL	0.0016233403	0.00229438144	1199.70703	0.00322296494	16384	1	-
cutoff_norm_sr48000_n0p45_f1600	48000	lp	0	0.45	0.05	1600	wetL	0.00097440699	0.00137620121	1599.60938	0.00138089014	16384	1	-
cutoff_norm_sr48000_n0p45_f2500	48000	lp	0	0.45	0.05	2500	wetL	0.000422306894	0.000597150186	2500.48828	0.000659452853	16384	1	-
cutoff_norm_sr48000_n0p45_f3500	48000	lp	0	0.45	0.05	3500	wetL	0.000221340104	0.00031299981	3499.51172	0.00011304337	16384	1	-
cutoff_norm_sr48000_n0p45_f5000	48000	lp	0	0.45	0.05	5000	wetL	0.000111548539	0.000157532061	4999.51172	7.45320759e-05	16384	1	-
cutoff_norm_sr48000_n0p45_f6000	48000	lp	0	0.45	0.05	6000	wetL	7.89270966e-05	0.000110363878	5998.53516	0.000156079607	16384	1	-
cutoff_norm_sr48000_n0p45_f7000	48000	lp	0	0.45	0.05	7000	wetL	5.9189429e-05	8.37068616e-05	7000.48828	7.16144139e-05	16384	1	-
cutoff_norm_sr48000_n0p45_f8000	48000	lp	0	0.45	0.05	8000	wetL	4.63692945e-05	5.99872107e-05	7999.51172	3.74565094e-05	16384	1	-
cutoff_norm_sr48000_n0p45_f9000	48000	lp	0	0.45	0.05	9000	wetL	3.75856427e-05	5.29226483e-05	8998.53516	7.48452684e-05	16384	1	-
cutoff_norm_sr48000_n0p45_f10000	48000	lp	0	0.45	0.05	10000	wetL	3.13214569e-05	4.41489039e-05	9999.02344	3.56137939e-05	16384	1	-
cutoff_norm_sr48000_n0p5_f60	48000	lp	0	0.5	0.05	60	wetL	0.012619143	0.0178405186	60.0585938	0.0213331511	16384	1	-
cutoff_norm_sr48000_n0p5_f100	48000	lp	0	0.5	0.05	100	wetL	0.0123864334	0.0175410428	101.074219	0.0246134608	16384	1	-
cutoff_norm_sr48000_n0p5_f200	48000	lp	0	0.5	0.05	200	wetL	0.0115054326	0.0162759116	200.683594	0.0226058336	16384	1	-
cutoff_norm_sr48000_n0p5_f400	48000	lp	0	0.5	0.05	400	wetL	0.00900630718	0.0127378603	399.902344	0.0173625803	16384	1	-
cutoff_norm_sr48000_n0p5_f800	48000	lp	0	0.5	0.05	800	wetL	0.00495851439	0.00701080628	801.269531	0.00988567605	16384	1	-
cutoff_norm_sr48000_n0p5_f1200	48000	lp	0	0.5	0.05	1200	wetL	0.00287969224	0.00406128388	1199.70703	0.00531192126	16384	1	-
cutoff_norm_sr48000_n0p5_f1600	48000	lp	0	0.5	0.05	1600	wetL	0.00182396249	0.00257295596	1599.60938	0.0019329159	16384	1	-
cutoff_norm_sr48000_n0p5_f2500	48000	lp	0	0.5	0.05	2500	wetL	0.000831095837	0.00117538082	2500.48828	0.00144606731	16384	1	-
cutoff_norm_sr48000_n0p5_f3500	48000	lp	0	0.5	0.05	3500	wetL	0.000444131735	0.000628021934	3499.51172	0.000125524512	16384	1	-
cutoff_norm_sr48000_n0p5_f5000	48000	lp	0	0.5	0.05	5000	wetL	0.000226284107	0.000319997186	4999.51172	0.000116001221	16384	1	-
cutoff_norm_sr48000_n0p5_f6000	48000	lp	0	0.5	0.05	6000	wetL	0.000160635445	0.000221834403	5998.53516	0.000313724321	16384	1	-
cutoff_norm_sr48000_n0p5_f7000	48000	lp	0	0.5	0.05	7000	wetL	0.000120705025	0.000170476941	7000.48828	0.000156671182	16384	1	-
cutoff_norm_sr48000_n0p5_f8000	48000	lp	0	0.5	0.05	8000	wetL	9.46844041e-05	0.000124964127	7999.51172	6.80168432e-05	16384	1	-
cutoff_norm_sr48000_n0p5_f9000	48000	lp	0	0.5	0.05	9000	wetL	7.68168965e-05	0.000107644563	8998.53516	0.00015223515	16384	1	-
cutoff_norm_sr48000_n0p5_f10000	48000	lp	0	0.5	0.05	10000	wetL	6.4054975e-05	8.99602631e-05	9999.02344	7.66302867e-05	16384	1	-
cutoff_norm_sr48000_n0p55_f60	48000	lp	0	0.55	0.05	60	wetL	0.0126775435	0.0179238826	60.0585938	0.0206544602	16384	1	-
cutoff_norm_sr48000_n0p55_f100	48000	lp	0	0.55	0.05	100	wetL	0.0125479021	0.0177660222	101.074219	0.0250644257	16384	1	-
cutoff_norm_sr48000_n0p55_f200	48000	lp	0	0.55	0.05	200	wetL	0.0120697975	0.0170674291	200.683594	0.0241377288	16384	1	-
cutoff_norm_sr48000_n0p55_f400	48000	lp	0	0.55	0.05	400	wetL	0.0104731384	0.0148120048	399.902344	0.0209427122	16384	1	-
cutoff_norm_sr48000_n0p55_f800	48000	lp	0	0.55	0.05	800	wetL	0.00702825721	0.00992890232	799.804688	0.0135589809	16384	1	-
cutoff_norm_sr48000_n0p55_f1200	48000	lp	0	0.55	0.05	1200	wetL	0.00464657306	0.00655900477	1199.70703	0.00695543014	16384	1	-
cutoff_norm_sr48000_n0p55_f1600	48000	lp	0	0.55	0.05	1600	wetL	0.00318589445	0.00449822159	1599.60938	0.00166657048	16384	1	-
cutoff_norm_sr48000_n0p55_f2500	48000	lp	0	0.55	0.05	2500	wetL	0.00158461475	0.00223992913	2500.48828	0.00303372465	16384	1	-
cutoff_norm_sr48000_n0p55_f3500	48000	lp	0	0.55	0.05	3500	wetL	0.000880290694	0.00124441221	3499.51172	4.70445783e-05	16384	1	-
cutoff_norm_sr48000_n0p55_f5000	48000	lp	0	0.55	0.05	5000	wetL	0.000459075227	0.000649179726	4999.51172	0.000126999965	16384	1	-
cutoff_norm_sr48000_n0p55_f6000	48000	lp	0	0.55	0.05	6000	wetL	0.000328258115	0.000441078676	5998.53516	0.000623785869	16384	1	-
cutoff_norm_sr48000_n0p55_f7000	48000	lp	0	0.55	0.05	7000	wetL	0.000247761715	0.000350390716	7000.48828	0.000352275943	16384	1	-
cutoff_norm_sr48000_n0p55_f8000	48000	lp	0	0.55	0.05	8000	wetL	0.000194922116	0.000263758918	7999.51172	0.000113277164	16384	1	-
cutoff_norm_sr48000_n0p55_f9000	48000	lp	0	0.55	0.05	9000	wetL	0.000158458503	0.000219856515	8998.53516	0.000310728155	16384	1	-
cutoff_norm_sr48000_n0p55_f10000	48000	lp	0	0.55	0.05	10000	wetL	0.000132324253	0.000186389946	9999.02344	0.000169704058	16384	1	-
cutoff_norm_sr48000_n0p6_f60	48000	lp	0	0.6	0.05	60	wetL	0.0127074596	0.0179667798	60.0585938	0.0201116149	16384	1	-
cutoff_norm_sr48000_n0p6_f100	48000	lp	0	0.6	0.05	100	wetL	0.012632935	0.0178833183	99.609375	0.0252011346	16384	1	-
cutoff_norm_sr48000_n0p6_f200	48000	lp	0	0.6	0.05	200	wetL	0.0123823241	0.0175046564	199.21875	0.0246263933	16384	1	-
cutoff_norm_sr48000_n0p6_f400	48000	lp	0	0.6	0.05	400	wetL	0.01143216	0.0161645202	399.902344	0.0222486897	16384	1	-
cutoff_norm_sr48000_n0p6_f800	48000	lp	0	0.6	0.05	800	wetL	0.00890517967	0.0125832944	799.804688	0.0148222394	16384	1	-
cutoff_norm_sr48000_n0p6_f1200	48000	lp	0	0.6	0.05	1200	wetL	0.00666331576	0.00941857233	1199.70703	0.00638721949	16384	1	-
cutoff_norm_sr48000_n0p6_f1600	48000	lp	0	0.6	0.05	1600	wetL	0.00500950188	0.00706403816	1599.60938	0.000751317111	16384	1	-
cutoff_norm_sr48000_n0p6_f2500	48000	lp	0	0.6	0.05	2500	wetL	0.00282955905	0.00400156795	2500.48828	0.00565920564	16384	1	-
cutoff_norm_sr48000_n0p6_f3500	48000	lp	0	0.6	0.05	3500	wetL	0.00168568328	0.00238385162	3499.51172	0.000883014495	16384	1	-
cutoff_norm_sr48000_n0p6_f5000	48000	lp	0	0.6	0.05	5000	wetL	0.000922278639	0.00130320411	4999.51172	7.37092987e-05	16384	1	-
cutoff_norm_sr48000_n0p6_f6000	48000	lp	0	0.6	0.05	6000	wetL	0.000670132341	0.000900311019	5998.53516	0.00119628787	16384	1	-
cutoff_norm_sr48000_n0p6_f7000	48000	lp	0	0.6	0.05	7000	wetL	0.000510971012	0.000722638446	7000.48828	0.000812812129	16384	1	-
cutoff_norm_sr48000_n0p6_f8000	48000	lp	0	0.6	0.05	8000	wetL	0.000404747281	0.000562767474	7999.51172	0.000147739611	16384	1	-
cutoff_norm_sr48000_n0p6_f9000	48000	lp	0	0.6	0.05	9000	wetL	0.000330601869	0.000465304238	8998.53516	0.00063266157	16384	1	-
cutoff_norm_sr48000_n0p6_f10000	48000	lp	0	0.6	0.05	10000	wetL	0.000277028366	0.000391774906	9999.02344	0.000390060009	16384	1	-
cutoff_norm_sr48000_n0p65_f60	48000	lp	0	0.65	0.05	60	wetL	0.0127228158	0.0179888468	60.0585938	0.0196974991	16384	1	-
cutoff_norm_sr48000_n0p65_f100	48000	lp	0	0.65	0.05	100	wetL	0.0126777202	0.0179440619	99.609375	0.0252024098	16384	1	-
cutoff_norm_sr48000_n0p65_f200	48000	lp	0	0.65	0.05	200	wetL	0.012550638	0.0177377511	199.21875	0.0246198996	16384	1	-
cutoff_norm_sr48000_n0p65_f400	48000	lp	0	0.65	0.05	400	wetL	0.0120035978	0.0169732172	399.902344	0.0221064214	16384	1	-
cutoff_norm_sr48000_n0p65_f800	48000	lp	0	0.65	0.05	800	wetL	0.0103319839	0.0146070937	799.804688	0.0134841345	16384	1	-
cutoff_norm_sr48000_n0p65_f1200	48000	lp	0	0.65	0.05	1200	wetL	0.00853037867	0.0120599431	1199.70703	0.00300344994	16384	1	-
cutoff_norm_sr48000_n0p65_f1600	48000	lp	0	0.65	0.05	1600	wetL	0.00697469042	0.00986362066	1599.60938	0.00568307989	16384	1	-
cutoff_norm_sr48000_n0p65_f2500	48000	lp	0	0.65	0.05	2500	wetL	0.0045386887	0.00641747671	2499.02344	0.0085467796	16384	1	-
cutoff_norm_sr48000_n0p65_f3500	48000	lp	0	0.65	0.05	3500	wetL	0.0029922559	0.0042315775	3499.51172	0.0032760524	16384	1	-
cutoff_norm_sr48000_n0p65_f5000	48000	lp	0	0.65	0.05	5000	wetL	0.00178590564	0.00252382006	4999.51172	0.00105335877	16384	1	-
cutoff_norm_sr48000_n0p65_f6000	48000	lp	0	0.65	0.05	6000	wetL	0.00134215404	0.00189027921	5998.53516	0.00206245216	16384	1	-
cutoff_norm_sr48000_n0p65_f7000	48000	lp	0	0.65	0.05	7000	wetL	0.00104708954	0.00147821471	7000.48828	0.0018833985	16384	1	-
cutoff_norm_sr48000_n0p65_f8000	48000	lp	0	0.65	0.05	8000	wetL	0.000842855921	0.00119189454	7999.51172	1.50259208e-05	16384	1	-
cutoff_norm_sr48000_n0p65_f9000	48000	lp	0	0.65	0.05	9000	wetL	0.00069649884	0.00098343714	8998.53516	0.00125498977	16384	1	-
cutoff_norm_sr48000_n0p65_f10000	48000	lp	0	0.65	0.05	10000	wetL	0.000588679709	0.000825513654	10000.4883	0.000934661652	16384	1	-
cutoff_norm_sr48000_n0p7_f60	48000	lp	0	0.7	0.05	60	wetL	0.012730743	0.0180004672	60.0585938	0.0193902512	16384	1	-
cutoff_norm_sr48000_n0p7_f100	48000	lp	0	0.7	0.05	100	wetL	0.0127014912	0.0179761962	99.609375	0.0251547787	16384	1	-
cutoff_norm_sr48000_n0p7_f200	48000	lp	0	0.7	0.05	200	wetL	0.0126404402	0.0178636555	199.21875	0.0244273034	16384	1	-
cutoff_norm_sr48000_n0p7_f400	48000	lp	0	0.7	0.05	400	wetL	0.0123267368	0.0174326121	399.902344	0.0213428055	16384	1	-
cutoff_norm_sr48000_n0p7_f800	48000	lp	0	0.7	0.05	800	wetL	0.0112874206	0.015954437	799.804688	0.0107241771	16384	1	-
cutoff_norm_sr48000_n0p7_f1200	48000	lp	0	0.7	0.05	1200	wetL	0.00999216454	0.0141044643	1199.70703	0.00194469522	16384	1	-
cutoff_norm_sr48000_n0p7_f1600	48000	lp	0	0.7	0.05	1600	wetL	0.00871749723	0.0122649211	1599.60938	0.0116293018	16384	1	-
cutoff_norm_sr48000_n0p7_f2500	48000	lp	0	0.7	0.05	2500	wetL	0.00640740284	0.00905771768	2499.02344	0.0098494172	16384	1	-
cutoff_norm_sr48000_n0p7_f3500	48000	lp	0	0.7	0.05	3500	wetL	0.00469801997	0.00664236316	3499.51172	0.00759283417	16384	1	-
cutoff_norm_sr48000_n0p7_f5000	48000	lp	0	0.7	0.05	5000	wetL	0.0031585076	0.00446667154	4999.51172	0.00379612977	16384	1	-
cutoff_norm_sr48000_n0p7_f6000	48000	lp	0	0.7	0.05	6000	wetL	0.00251596348	0.00346190189	6000	0.00263995002	16384	1	-
cutoff_norm_sr48000_n0p7_f7000	48000	lp	0	0.7	0.05	7000	wetL	0.00205368363	0.00290373534	7000.48828	0.00405932138	16384	1	-
cutoff_norm_sr48000_n0p7_f8000	48000	lp	0	0.7	0.05	8000	wetL	0.00171236841	0.00233683635	7999.51172	0.000898052504	16384	1	-
cutoff_norm_sr48000_n0p7_f9000	48000	lp	0	0.7	0.05	9000	wetL	0.00145463029	0.00204943459	8998.53516	0.00222787768	16384	1	-
cutoff_norm_sr48000_n0p7_f10000	48000	lp	0	0.7	0.05	10000	wetL	0.00125652672	0.0017688524	10000.4883	0.00228687024	16384	1	-
cutoff_norm_sr48000_n0p75_f60	48000	lp	0	0.75	0.05	60	wetL	0.0127348716	0.018006478	60.0585938	0.019166392	16384	1	-
cutoff_norm_sr48000_n0p75_f100	48000	lp	0	0.75	0.05	100	wetL	0.0127142793	0.0179928454	99.609375	0.0250968512	16384	1	-
cutoff_norm_sr48000_n0p75_f200	48000	lp	0	0.75	0.05	200	wetL	0.0126884705	0.017929377	199.21875	0.0241957857	16384	1	-
cutoff_norm_sr48000_n0p75_f400	48000	lp	0	0.75	0.05	400	wetL	0.0125051275	0.0176824208	399.902344	0.0204501928	16384	1	-
cutoff_norm_sr48000_n0p75_f800	48000	lp	0	0.75	0.05	800	wetL	0.0118768335	0.0167913689	799.804688	0.00772697309	16384	1	-
cutoff_norm_sr48000_n0p75_f1200	48000	lp	0	0.75	0.05	1200	wetL	0.0110086063	0.0155672537	1199.70703	0.00684658409	16384	1	-
cutoff_norm_sr48000_n0p75_f1600	48000	lp	0	0.75	0.05	1600	wetL	0.0100592279	0.0142021563	1601.07422	0.0167974787	16384	1	-
cutoff_norm_sr48000_n0p75_f2500	48000	lp	0	0.75	0.05	2500	wetL	0.00809506422	0.0114437205	2499.02344	0.00865335079	16384	1	-
cutoff_norm_sr48000_n0p75_f3500	48000	lp	0	0.75	0.05	3500	wetL	0.0064462081	0.00911550223	3500.97656	0.0123923994	16384	1	-
cutoff_norm_sr48000_n0p75_f5000	48000	lp	0	0.75	0.05	5000	wetL	0.00482620087	0.0068245536	4999.51172	0.00827361581	16384	1	-
cutoff_norm_sr48000_n0p75_f6000	48000	lp	0	0.75	0.05	6000	wetL	0.00410521282	0.00573511471	6000	0.00127634103	16384	1	-
cutoff_norm_sr48000_n0p75_f7000	48000	lp	0	0.75	0.05	7000	wetL	0.00356214095	0.00503707363	6999.02344	0.00690970109	16384	1	-
cutoff_norm_sr48000_n0p75_f8000	48000	lp	0	0.75	0.05	8000	wetL	0.00314207149	0.00411470315	7999.51172	0.0038530254	16384	1	-
cutoff_norm_sr48000_n0p75_f9000	48000	lp	0	0.75	0.05	9000	wetL	0.00280986023	0.00395592415	8998.53516	0.0026332964	16384	1	-
cutoff_norm_sr48000_n0p75_f10000	48000	lp	0	0.75	0.05	10000	wetL	0.00254245257	0.00358977473	10000.4883	0.0050763464	16384	1	-
cutoff_norm_sr48000_n0p8_f60	48000	lp	0	0.8	0.05	60	wetL	0.0127370472	0.0180097745	60.0585938	0.0190055478	16384	1	-
cutoff_norm_sr48000_n0p8_f100	48000	lp	0	0.8	0.05	100	wetL	0.0127212814	0.0180019851	99.609375	0.0250440629	16384	1	-
cutoff_norm_sr48000_n0p8_f200	48000	lp	0	0.8	0.05	200	wetL	0.0127144202	0.0179656168	199.21875	0.023985568	16384	1	-
cutoff_norm_sr48000_n0p8_f400	48000	lp	0	0.8	0.05	400	wetL	0.0126030481	0.0178224749	399.902344	0.0196473154	16384	1	-
cutoff_norm_sr48000_n0p8_f800	48000	lp	0	0.8	0.05	800	wetL	0.012223811	0.017284267	799.804688	0.00512151946	16384	1	-
cutoff_norm_sr48000_n0p8_f1200	48000	lp	0	0.8	0.05	1200	wetL	0.0116614693	0.01648984	1199.70703	0.0108286782	16384	1	-
cutoff_norm_sr48000_n0p8_f1600	48000	lp	0	0.8	0.05	1600	wetL	0.0109962928	0.0155186515	1601.07422	0.0204221778	16384	1	-
cutoff_norm_sr48000_n0p8_f2500	48000	lp	0	0.8	0.05	2500	wetL	0.00944603758	0.0133552601	2499.02344	0.00570486319	16384	1	-
cutoff_norm_sr48000_n0p8_f3500	48000	lp	0	0.8	0.05	3500	wetL	0.00796682377	0.0112653781	3499.51172	0.0159301326	16384	1	-
cutoff_norm_sr48000_n0p8_f5000	48000	lp	0	0.8	0.05	5000	wetL	0.00638878189	0.00901860385	5000.97656	0.0125422033	16384	1	-
cutoff_norm_sr48000_n0p8_f6000	48000	lp	0	0.8	0.05	6000	wetL	0.00566990626	0.00781552785	6000	0.00253664222	16384	1	-
cutoff_norm_sr48000_n0p8_f7000	48000	lp	0	0.8	0.05	7000	wetL	0.00513735552	0.00726507411	6999.02344	0.00812089	16384	1	-
cutoff_norm_sr48000_n0p8_f8000	48000	lp	0	0.8	0.05	8000	wetL	0.00474224076	0.00669607998	7999.51172	0.00846677936	16384	1	-
cutoff_norm_sr48000_n0p8_f9000	48000	lp	0	0.8	0.05	9000	wetL	0.00445174692	0.00629463893	9000	0.000150592077	16384	1	-
cutoff_norm_sr48000_n0p8_f10000	48000	lp	0	0.8	0.05	10000	wetL	0.00424273943	0.00597753991	9999.02344	0.00768670149	16384	1	-
cutoff_norm_sr48000_n0p85_f60	48000	lp	0	0.85	0.05	60	wetL	0.0127377337	0.0180107313	60.0585938	0.0189419592	16384	1	-
cutoff_norm_sr48000_n0p85_f100	48000	lp	0	0.85	0.05	100	wetL	0.0127235683	0.0180046386	99.609375	0.025020742	16384	1	-
cutoff_norm_sr48000_n0p85_f200	48000	lp	0	0.85	0.05	200	wetL	0.0127227754	0.0179761524	199.21875	0.0238928733	16384	1	-
cutoff_norm_sr48000_n0p85_f400	48000	lp	0	0.85	0.05	400	wetL	0.0126347614	0.017863396	399.902344	0.0192953165	16384	1	-
cutoff_norm_sr48000_n0p85_f800	48000	lp	0	0.85	0.05	800	wetL	0.0123403209	0.0174302245	799.804688	0.0040056923	16384	1	-
cutoff_norm_sr48000_n0p85_f1200	48000	lp	0	0.85	0.05	1200	wetL	0.0118919037	0.0167667035	1199.70703	0.0124469312	16384	1	-
cutoff_norm_sr48000_n0p85_f1600	48000	lp	0	0.85	0.05	1600	wetL	0.0113451355	0.0160429566	1601.07422	0.0217036637	16384	1	-
cutoff_norm_sr48000_n0p85_f2500	48000	lp	0	0.85	0.05	2500	wetL	0.0100014375	0.0141436587	2499.02344	0.00390712448	16384	1	-
cutoff_norm_sr48000_n0p85_f3500	48000	lp	0	0.85	0.05	3500	wetL	0.00863258135	0.0122070324	3499.51172	0.017077176	16384	1	-
cutoff_norm_sr48000_n0p85_f5000	48000	lp	0	0.85	0.05	5000	wetL	0.00709111433	0.0100205243	5000.97656	0.0141700412	16384	1	-
cutoff_norm_sr48000_n0p85_f6000	48000	lp	0	0.85	0.05	6000	wetL	0.00636932163	0.00832244096	6000	0.00487486773	16384	1	-
cutoff_norm_sr48000_n0p85_f7000	48000	lp	0	0.85	0.05	7000	wetL	0.00583325487	0.00823557724	6999.02344	0.00775709953	16384	1	-
cutoff_norm_sr48000_n0p85_f8000	48000	lp	0	0.85	0.05	8000	wetL	0.00544120368	0.00743867599	7999.51172	0.0105031471	16384	1	-
cutoff_norm_sr48000_n0p85_f9000	48000	lp	0	0.85	0.05	9000	wetL	0.00516453216	0.00717667797	9000	0.00211674612	16384	1	-
cutoff_norm_sr48000_n0p85_f10000	48000	lp	0	0.85	0.05	10000	wetL	0.00498278435	0.00700939159	9999.02344	0.00772869986	16384	1	-
cutoff_norm_sr48000_n0p9_f60	48000	lp	0	0.9	0.05	60	wetL	0.0127377337	0.0180107313	60.0585938	0.0189419592	16384	1	-
cutoff_norm_sr48000_n0p9_f100	48000	lp	0	0.9	0.05	100	wetL	0.0127235683	0.0180046386	99.609375	0.025020742	16384	1	-
cutoff_norm_sr48000_n0p9_f200	48000	lp	0	0.9	0.05	200	wetL	0.0127227754	0.0179761524	199.21875	0.0238928733	16384	1	-
cutoff_norm_sr48000_n0p9_f400	48000	lp	0	0.9	0.05	400	wetL	0.0126347614	0.017863396	399.902344	0.0192953165	16384	1	-
cutoff_norm_sr48000_n0p9_f800	48000	lp	0	0.9	0.05	800	wetL	0.0123403209	0.0174302245	799.804688	0.0040056923	16384	1	-
cutoff_norm_sr48000_n0p9_f1200	48000	lp	0	0.9	0.05	1200	wetL	0.0118919037	0.0167667035	1199.70703	0.0124469312	16384	1	-
cutoff_norm_sr48000_n0p9_f1600	48000	lp	0	0.9	0.05	1600	wetL	0.0113451355	0.0160429566	1601.07422	0.0217036637	16384	1	-
cutoff_norm_sr48000_n0p9_f2500	48000	lp	0	0.9	0.05	2500	wetL	0.0100014375	0.0141436587	2499.02344	0.00390712448	16384	1	-
cutoff_norm_sr48000_n0p9_f3500	48000	lp	0	0.9	0.05	3500	wetL	0.00863258135	0.0122070324	3499.51172	0.017077176	16384	1	-
cutoff_norm_sr48000_n0p9_f5000	48000	lp	0	0.9	0.05	5000	wetL	0.00709111433	0.0100205243	5000.97656	0.0141700412	16384	1	-
cutoff_norm_sr48000_n0p9_f6000	48000	lp	0	0.9	0.05	6000	wetL	0.00636932163	0.00832244096	6000	0.00487486773	16384	1	-
cutoff_norm_sr48000_n0p9_f7000	48000	lp	0	0.9	0.05	7000	wetL	0.00583325487	0.00823557724	6999.02344	0.00775709953	16384	1	-
cutoff_norm_sr48000_n0p9_f8000	48000	lp	0	0.9	0.05	8000	wetL	0.00544120368	0.00743867599	7999.51172	0.0105031471	16384	1	-
cutoff_norm_sr48000_n0p9_f9000	48000	lp	0	0.9	0.05	9000	wetL	0.00516453216	0.00717667797	9000	0.00211674612	16384	1	-
cutoff_norm_sr48000_n0p9_f10000	48000	lp	0	0.9	0.05	10000	wetL	0.00498278435	0.00700939159	9999.02344	0.00772869986	16384	1	-
cutoff_norm_sr48000_n0p95_f60	48000	lp	0	0.95	0.05	60	wetL	0.0127377337	0.0180107313	60.0585938	0.0189419592	16384	1	-
cutoff_norm_sr48000_n0p95_f100	48000	lp	0	0.95	0.05	100	wetL	0.0127235683	0.0180046386	99.609375	0.025020742	16384	1	-
cutoff_norm_sr48000_n0p95_f200	48000	lp	0	0.95	0.05	200	wetL	0.0127227754	0.0179761524	199.21875	0.0238928733	16384	1	-
cutoff_norm_sr48000_n0p95_f400	48000	lp	0	0.95	0.05	400	wetL	0.0126347614	0.017863396	399.902344	0.0192953165	16384	1	-
cutoff_norm_sr48000_n0p95_f800	48000	lp	0	0.95	0.05	800	wetL	0.0123403209	0.0174302245	799.804688	0.0040056923	16384	1	-
cutoff_norm_sr48000_n0p95_f1200	48000	lp	0	0.95	0.05	1200	wetL	0.0118919037	0.0167667035	1199.70703	0.0124469312	16384	1	-
cutoff_norm_sr48000_n0p95_f1600	48000	lp	0	0.95	0.05	1600	wetL	0.0113451355	0.0160429566	1601.07422	0.0217036637	16384	1	-
cutoff_norm_sr48000_n0p95_f2500	48000	lp	0	0.95	0.05	2500	wetL	0.0100014375	0.0141436587	2499.02344	0.00390712448	16384	1	-
cutoff_norm_sr48000_n0p95_f3500	48000	lp	0	0.95	0.05	3500	wetL	0.00863258135	0.0122070324	3499.51172	0.017077176	16384	1	-
cutoff_norm_sr48000_n0p95_f5000	48000	lp	0	0.95	0.05	5000	wetL	0.00709111433	0.0100205243	5000.97656	0.0141700412	16384	1	-
cutoff_norm_sr48000_n0p95_f6000	48000	lp	0	0.95	0.05	6000	wetL	0.00636932163	0.00832244096	6000	0.00487486773	16384	1	-
cutoff_norm_sr48000_n0p95_f7000	48000	lp	0	0.95	0.05	7000	wetL	0.00583325487	0.00823557724	6999.02344	0.00775709953	16384	1	-
cutoff_norm_sr48000_n0p95_f8000	48000	lp	0	0.95	0.05	8000	wetL	0.00544120368	0.00743867599	7999.51172	0.0105031471	16384	1	-
cutoff_norm_sr48000_n0p95_f9000	48000	lp	0	0.95	0.05	9000	wetL	0.00516453216	0.00717667797	9000	0.00211674612	16384	1	-
cutoff_norm_sr48000_n0p95_f10000	48000	lp	0	0.95	0.05	10000	wetL	0.00498278435	0.00700939159	9999.02344	0.00772869986	16384	1	-
cutoff_norm_sr48000_n1_f60	48000	lp	0	1	0.05	60	wetL	0.0127377337	0.0180107313	60.0585938	0.0189419592	16384	1	-
cutoff_norm_sr48000_n1_f100	48000	lp	0	1	0.05	100	wetL	0.0127235683	0.0180046386	99.609375	0.025020742	16384	1	-
cutoff_norm_sr48000_n1_f200	48000	lp	0	1	0.05	200	wetL	0.0127227754	0.0179761524	199.21875	0.0238928733	16384	1	-
cutoff_norm_sr48000_n1_f400	48000	lp	0	1	0.05	400	wetL	0.0126347614	0.017863396	399.902344	0.0192953165	16384	1	-
cutoff_norm_sr48000_n1_f800	48000	lp	0	1	0.05	800	wetL	0.0123403209	0.0174302245	799.804688	0.0040056923	16384	1	-
cutoff_norm_sr48000_n1_f1200	48000	lp	0	1	0.05	1200	wetL	0.0118919037	0.0167667035	1199.70703	0.0124469312	16384	1	-
cutoff_norm_sr48000_n1_f1600	48000	lp	0	1	0.05	1600	wetL	0.0113451355	0.0160429566	1601.07422	0.0217036637	16384	1	-
cutoff_norm_sr48000_n1_f2500	48000	lp	0	1	0.05	2500	wetL	0.0100014375	0.0141436587	2499.02344	0.00390712448	16384	1	-
cutoff_norm_sr48000_n1_f3500	48000	lp	0	1	0.05	3500	wetL	0.00863258135	0.0122070324	3499.51172	0.017077176	16384	1	-
cutoff_norm_sr48000_n1_f5000	48000	lp	0	1	0.05	5000	wetL	0.00709111433	0.0100205243	5000.97656	0.0141700412	16384	1	-
cutoff_norm_sr48000_n1_f6000	48000	lp	0	1	0.05	6000	wetL	0.00636932163	0.00832244096	6000	0.00487486773	16384	1	-
cutoff_norm_sr48000_n1_f7000	48000	lp	0	1	0.05	7000	wetL	0.00583325487	0.00823557724	6999.02344	0.00775709953	16384	1	-
cutoff_norm_sr48000_n1_f8000	48000	lp	0	1	0.05	8000	wetL	0.00544120368	0.00743867599	7999.51172	0.0105031471	16384	1	-
cutoff_norm_sr48000_n1_f9000	48000	lp	0	1	0.05	9000	wetL	0.00516453216	0.00717667797	9000	0.00211674612	16384	1	-
cutoff_norm_sr48000_n1_f10000	48000	lp	0	1	0.05	10000	wetL	0.00498278435	0.00700939159	9999.02344	0.00772869986	16384	1	-
cutoff_norm_sr88200_n0_f60	88200	lp	0	0	0.05	60	wetL	0.00126781377	0.00182386557	61.907959	0.00192974537	16384	1	-
cutoff_norm_sr88200_n0_f100	88200	lp	0	0	0.05	100	wetL	0.000491929542	0.000751113538	99.5910645	0.000263927817	16384	1	-
cutoff_norm_sr88200_n0_f200	88200	lp	0	0	0.05	200	wetL	0.000126405319	0.000203024723	199.182129	0.00010713161	16384	1	-
cutoff_norm_sr88200_n0_f400	88200	lp	0	0	0.05	400	wetL	3.19804979e-05	5.97223247e-05	398.364258	5.35304872e-05	16384	1	-
cutoff_norm_sr88200_n0_f800	88200	lp	0	0	0.05	800	wetL	8.05960971e-06	1.83855359e-05	799.420166	8.61276105e-06	16384	1	-
cutoff_norm_sr88200_n0_f1500	88200	lp	0	0	0.05	1500	wetL	2.36417184e-06	7.28086975e-06	1483.09937	2.42859966e-06	16384	1	-
cutoff_norm_sr88200_n0_f2500	88200	lp	0	0	0.05	2500	wetL	9.06548708e-07	3.54470242e-06	2403.6438	1.36553111e-06	16384	1	-
cutoff_norm_sr88200_n0_f4000	88200	lp	0	0	0.05	4000	wetL	4.03153774e-07	1.97986414e-06	3752.16064	2.47742714e-07	16384	1	-
cutoff_norm_sr88200_n0_f6000	88200	lp	0	0	0.05	6000	wetL	2.16138036e-07	1.20757494e-06	5515.19165	2.43938383e-07	16384	1	-
cutoff_norm_sr88200_n0_f8000	88200	lp	0	0	0.05	8000	wetL	1.44838377e-07	8.56932413e-07	7240.53955	2.01839566e-07	16384	1	-
cutoff_norm_sr88200_n0_f10000	88200	lp	0	0	0.05	10000	wetL	1.080311e-07	6.61772465e-07	8963.1958	1.27497438e-07	16384	1	-
cutoff_norm_sr88200_n0_f12000	88200	lp	0	0	0.05	12000	wetL	8.5502748e-08	5.28389997e-07	10667.0105	7.80151564e-08	16384	1	-
cutoff_norm_sr88200_n0_f14000	88200	lp	0	0	0.05	14000	wetL	7.01556996e-08	4.38823404e-07	12360.0586	7.10921866e-08	16384	1	-
cutoff_norm_sr88200_n0_f16000	88200	lp	0	0	0.05	16000	wetL	5.89095273e-08	3.71502991e-07	14069.2566	6.95348081e-08	16384	1	-
cutoff_norm_sr88200_n0_f18000	88200	lp	0	0	0.05	18000	wetL	5.02198145e-08	3.17577702e-07	15743.4631	5.64736673e-08	16384	1	-
cutoff_norm_sr88200_n0p05_f60	88200	lp	0	0.05	0.05	60	wetL	0.00230073564	0.0032743886	61.907959	0.00410696077	16384	1	-
cutoff_norm_sr88200_n0p05_f100	88200	lp	0	0.05	0.05	100	wetL	0.000944880502	0.00134385239	99.5910645	0.000216539633	16384	1	-
cutoff_norm_sr88200_n0p05_f200	88200	lp	0	0.05	0.05	200	wetL	0.000249514935	0.000357050951	199.182129	0.000246992567	16384	1	-
cutoff_norm_sr88200_n0p05_f400	88200	lp	0	0.05	0.05	400	wetL	6.34291055e-05	9.22075542e-05	398.364258	0.000103385242	16384	1	-
cutoff_norm_sr88200_n0p05_f800	88200	lp	0	0.05	0.05	800	wetL	1.59066e-05	2.37238821e-05	799.420166	1.64941133e-05	16384	1	-
cutoff_norm_sr88200_n0p05_f1500	88200	lp	0	0.05	0.05	1500	wetL	4.53271317e-06	7.14106009e-06	1499.24927	4.5718466e-06	16384	1	-
cutoff_norm_sr88200_n0p05_f2500	88200	lp	0	0.05	0.05	2500	wetL	1.6350726e-06	2.73579464e-06	2497.85156	2.60347985e-06	16384	1	-
cutoff_norm_sr88200_n0p05_f4000	88200	lp	0	0.05	0.05	4000	wetL	6.42046116e-07	1.18021647e-06	3999.79248	1.0204639e-07	16384	1	-
cutoff_norm_sr88200_n0p05_f6000	88200	lp	0	0.05	0.05	6000	wetL	2.88349106e-07	5.82446012e-07	5999.68872	3.64526283e-07	16384	1	-
cutoff_norm_sr88200_n0p05_f8000	88200	lp	0	0.05	0.05	8000	wetL	1.64530196e-07	3.57674013e-07	7999.58496	3.249394e-07	16384	1	-
cutoff_norm_sr88200_n0p05_f10000	88200	lp	0	0.05	0.05	10000	wetL	1.07213374e-07	2.55970794e-07	9996.78955	1.72531925e-07	16384	1	-
cutoff_norm_sr88200_n0p05_f12000	88200	lp	0	0.05	0.05	12000	wetL	7.60761154e-08	1.90252558e-07	11999.3774	3.00958315e-08	16384	1	-
cutoff_norm_sr88200_n0p05_f14000	88200	lp	0	0.05	0.05	14000	wetL	5.73028195e-08	1.51388795e-07	14001.9653	6.16915904e-08	16384	1	-
cutoff_norm_sr88200_n0p05_f16000	88200	lp	0	0.05	0.05	16000	wetL	4.51268062e-08	1.23920053e-07	15985.7117	8.65033076e-08	16384	1	-
cutoff_norm_sr88200_n0p05_f18000	88200	lp	0	0.05	0.05	18000	wetL	3.67928875e-08	1.03591711e-07	17929.0833	6.34298803e-08	16384	1	-
cutoff_norm_sr88200_n0p1_f60	88200	lp	0	0.1	0.05	60	wetL	0.0038911167	0.00552924298	61.907959	0.00765181026	16384	1	-
cutoff_norm_sr88200_n0p1_f100	88200	lp	0	0.1	0.05	100	wetL	0.00175573259	0.00247919797	99.5910645	0.000328322624	16384	1	-
cutoff_norm_sr88200_n0p1_f200	88200	lp	0	0.1	0.05	200	wetL	0.000488454236	0.000691727454	201.873779	0.000576657783	16384	1	-
cutoff_norm_sr88200_n0p1_f400	88200	lp	0	0.1	0.05	400	wetL	0.00012601747	0.00017819853	398.364258	0.000196571832	16384	1	-
cutoff_norm_sr88200_n0p1_f800	88200	lp	0	0.1	0.05	800	wetL	3.17250387e-05	4.49298672e-05	799.420166	3.13053716e-05	16384	1	-
cutoff_norm_sr88200_n0p1_f1500	88200	lp	0	0.1	0.05	1500	wetL	9.04555196e-06	1.28365186e-05	1499.24927	8.87749864e-06	16384	1	-
cutoff_norm_sr88200_n0p1_f2500	88200	lp	0	0.1	0.05	2500	wetL	3.26298164e-06	4.640085e-06	2497.85156	5.16072019e-06	16384	1	-
cutoff_norm_sr88200_n0p1_f4000	88200	lp	0	0.1	0.05	4000	wetL	1.27999913e-06	1.824748e-06	3999.79248	2.05652747e-07	16384	1	-
cutoff_norm_sr88200_n0p1_f6000	88200	lp	0	0.1	0.05	6000	wetL	5.73753294e-07	8.22897585e-07	5999.68872	7.22782677e-07	16384	1	-
cutoff_norm_sr88200_n0p1_f8000	88200	lp	0	0.1	0.05	8000	wetL	3.26594597e-07	4.67357618e-07	7999.58496	6.4758669e-07	16384	1	-
cutoff_norm_sr88200_n0p1_f10000	88200	lp	0	0.1	0.05	10000	wetL	2.12256061e-07	3.06844048e-07	9999.4812	3.43910609e-07	16384	1	-
cutoff_norm_sr88200_n0p1_f12000	88200	lp	0	0.1	0.05	12000	wetL	1.50203108e-07	2.17122007e-07	11999.3774	5.61202249e-08	16384	1	-
cutoff_norm_sr88200_n0p1_f14000	88200	lp	0	0.1	0.05	14000	wetL	1.12841618e-07	1.64386427e-07	13999.2737	1.21440661e-07	16384	1	-
cutoff_norm_sr88200_n0p1_f16000	88200	lp	0	0.1	0.05	16000	wetL	8.8656134e-08	1.29241804e-07	15999.1699	1.7193901e-07	16384	1	-
cutoff_norm_sr88200_n0p1_f18000	88200	lp	0	0.1	0.05	18000	wetL	7.21472397e-08	1.05503846e-07	17999.0662	1.25989195e-07	16384	1	-
cutoff_norm_sr88200_n0p15_f60	88200	lp	0	0.15	0.05	60	wetL	0.00596212019	0.00844698433	59.2163086	0.0117036428	16384	1	-
cutoff_norm_sr88200_n0p15_f100	88200	lp	0	0.15	0.05	100	wetL	0.00307861869	0.00435072571	99.5910645	0.00217256671	16384	1	-
cutoff_norm_sr88200_n0p15_f200	88200	lp	0	0.15	0.05	200	wetL	0.000939069671	0.001329939	201.873779	0.00133143945	16384	1	-
cutoff_norm_sr88200_n0p15_f400	88200	lp	0	0.15	0.05	400	wetL	0.000249244372	0.000352140389	398.364258	0.00036208312	16384	1	-
cutoff_norm_sr88200_n0p15_f800	88200	lp	0	0.15	0.05	800	wetL	6.32166696e-05	8.93733405e-05	799.420166	5.77944174e-05	16384	1	-
cutoff_norm_sr88200_n0p15_f1500	88200	lp	0	0.15	0.05	1500	wetL	1.80566321e-05	2.55307458e-05	1499.24927	1.70231867e-05	16384	1	-
cutoff_norm_sr88200_n0p15_f2500	88200	lp	0	0.15	0.05	2500	wetL	6.51652263e-06	9.21515583e-06	2497.85156	1.02001683e-05	16384	1	-
cutoff_norm_sr88200_n0p15_f4000	88200	lp	0	0.15	0.05	4000	wetL	2.5566867e-06	3.61577096e-06	3999.79248	4.52708812e-07	16384	1	-
cutoff_norm_sr88200_n0p15_f6000	88200	lp	0	0.15	0.05	6000	wetL	1.14608132e-06	1.6209324e-06	5999.68872	1.43405965e-06	16384	1	-
cutoff_norm_sr88200_n0p15_f8000	88200	lp	0	0.15	0.05	8000	wetL	6.52388701e-07	9.22703913e-07	7999.58496	1.29289405e-06	16384	1	-
cutoff_norm_sr88200_n0p15_f10000	88200	lp	0	0.15	0.05	10000	wetL	4.23995508e-07	5.99723102e-07	9999.4812	6.88559574e-07	16384	1	-
cutoff_norm_sr88200_n0p15_f12000	88200	lp	0	0.15	0.05	12000	wetL	3.00042446e-07	4.24380896e-07	11999.3774	1.13623531e-07	16384	1	-
cutoff_norm_sr88200_n0p15_f14000	88200	lp	0	0.15	0.05	14000	wetL	2.25410707e-07	3.18808246e-07	13999.2737	2.41764648e-07	16384	1	-
cutoff_norm_sr88200_n0p15_f16000	88200	lp	0	0.15	0.05	16000	wetL	1.77098153e-07	2.50510158e-07	15999.1699	3.43306093e-07	16384	1	-
cutoff_norm_sr88200_n0p15_f18000	88200	lp	0	0.15	0.05	18000	wetL	1.44119883e-07	2.03741425e-07	17999.0662	2.51898451e-07	16384	1	-
cutoff_norm_sr88200_n0p2_f60	88200	lp	0	0.2	0.05	60	wetL	0.0081363914	0.011483764	59.2163086	0.0141111958	16384	1	-
cutoff_norm_sr88200_n0p2_f100	88200	lp	0	0.2	0.05	100	wetL	0.00494376673	0.00699518236	99.5910645	0.00620837027	16384	1	-
cutoff_norm_sr88200_n0p2_f200	88200	lp	0	0.2	0.05	200	wetL	0.0017459889	0.00247344095	201.873779	0.00293425981	16384	1	-
cutoff_norm_sr88200_n0p2_f400	88200	lp	0	0.2	0.05	400	wetL	0.000488430492	0.000690125811	398.364258	0.000628700686	16384	1	-
cutoff_norm_sr88200_n0p2_f800	88200	lp	0	0.2	0.05	800	wetL	0.000125714276	0.000177726485	799.420166	0.000101731131	16384	1	-
cutoff_norm_sr88200_n0p2_f1500	88200	lp	0	0.2	0.05	1500	wetL	3.60363246e-05	5.09489268e-05	1499.24927	3.19749772e-05	16384	1	-
cutoff_norm_sr88200_n0p2_f2500	88200	lp	0	0.2	0.05	2500	wetL	1.30171494e-05	1.84072318e-05	2497.85156	2.0068517e-05	16384	1	-
cutoff_norm_sr88200_n0p2_f4000	88200	lp	0	0.2	0.05	4000	wetL	5.10875461e-06	7.22463662e-06	3999.79248	1.02316994e-06	16384	1	-
cutoff_norm_sr88200_n0p2_f6000	88200	lp	0	0.2	0.05	6000	wetL	2.29035018e-06	3.23895339e-06	5999.68872	2.83822896e-06	16384	1	-
cutoff_norm_sr88200_n0p2_f8000	88200	lp	0	0.2	0.05	8000	wetL	1.30379643e-06	1.84387747e-06	7999.58496	2.58179974e-06	16384	1	-
cutoff_norm_sr88200_n0p2_f10000	88200	lp	0	0.2	0.05	10000	wetL	8.47368631e-07	1.19835316e-06	9999.4812	1.38054119e-06	16384	1	-
cutoff_norm_sr88200_n0p2_f12000	88200	lp	0	0.2	0.05	12000	wetL	5.99650501e-07	8.48001789e-07	11999.3774	2.31404949e-07	16384	1	-
cutoff_norm_sr88200_n0p2_f14000	88200	lp	0	0.2	0.05	14000	wetL	4.50497851e-07	6.3702065e-07	13999.2737	4.80844228e-07	16384	1	-
cutoff_norm_sr88200_n0p2_f16000	88200	lp	0	0.2	0.05	16000	wetL	3.53943412e-07	5.00555689e-07	15999.1699	6.85665131e-07	16384	1	-
cutoff_norm_sr88200_n0p2_f18000	88200	lp	0	0.2	0.05	18000	wetL	2.88034667e-07	4.07216258e-07	17999.0662	5.04064692e-07	16384	1	-
cutoff_norm_sr88200_n0p25_f60	88200	lp	0	0.25	0.05	60	wetL	0.00995306421	0.0140098369	59.2163086	0.0134758308	16384	1	-
cutoff_norm_sr88200_n0p25_f100	88200	lp	0	0.25	0.05	100	wetL	0.00709995685	0.0100570135	99.5910645	0.0121105702	16384	1	-
cutoff_norm_sr88200_n0p25_f200	88200	lp	0	0.25	0.05	200	wetL	0.00306517724	0.00434201883	201.873779	0.00584719764	16384	1	-
cutoff_norm_sr88200_n0p25_f400	88200	lp	0	0.25	0.05	400	wetL	0.000939982507	0.0013283982	398.364258	0.00097035617	16384	1	-
cutoff_norm_sr88200_n0p25_f800	88200	lp	0	0.25	0.05	800	wetL	0.000248923977	0.000351912127	799.420166	0.000163510261	16384	1	-
cutoff_norm_sr88200_n0p25_f1500	88200	lp	0	0.25	0.05	1500	wetL	7.18651772e-05	0.000101605203	1499.24927	5.80195656e-05	16384	1	-
cutoff_norm_sr88200_n0p25_f2500	88200	lp	0	0.25	0.05	2500	wetL	2.60070411e-05	3.67762018e-05	2497.85156	3.92019587e-05	16384	1	-
cutoff_norm_sr88200_n0p25_f4000	88200	lp	0	0.25	0.05	4000	wetL	1.02133064e-05	1.44432748e-05	3999.79248	2.38109721e-06	16384	1	-
cutoff_norm_sr88200_n0p25_f6000	88200	lp	0	0.25	0.05	6000	wetL	4.57985344e-06	6.47672737e-06	5999.68872	5.59650542e-06	16384	1	-
cutoff_norm_sr88200_n0p25_f8000	88200	lp	0	0.25	0.05	8000	wetL	2.6073156e-06	3.68735482e-06	7999.58496	5.15696422e-06	16384	1	-
cutoff_norm_sr88200_n0p25_f10000	88200	lp	0	0.25	0.05	10000	wetL	1.69461835e-06	2.39653385e-06	9999.4812	2.77336515e-06	16384	1	-
cutoff_norm_sr88200_n0p25_f12000	88200	lp	0	0.25	0.05	12000	wetL	1.19924097e-06	1.69587923e-06	11999.3774	4.7503559e-07	16384	1	-
cutoff_norm_sr88200_n0p25_f14000	88200	lp	0	0.25	0.05	14000	wetL	9.00961641e-07	1.27406053e-06	13999.2737	9.55005091e-07	16384	1	-
cutoff_norm_sr88200_n0p25_f16000	88200	lp	0	0.25	0.05	16000	wetL	7.07865428e-07	1.0010807e-06	15999.1699	1.36997708e-06	16384	1	-
cutoff_norm_sr88200_n0p25_f18000	88200	lp	0	0.25	0.05	18000	wetL	5.7605483e-07	8.14471247e-07	17999.0662	1.00987164e-06	16384	1	-
cutoff_norm_sr88200_n0p3_f60	88200	lp	0	0.3	0.05	60	wetL	0.0111992624	0.0157491523	59.2163086	0.0105478839	16384	1	-
cutoff_norm_sr88200_n0p3_f100	88200	lp	0	0.3	0.05	100	wetL	0.00909304742	0.0128847847	102.282715	0.017732654	16384	1	-
cutoff_norm_sr88200_n0p3_f200	88200	lp	0	0.3	0.05	200	wetL	0.00493104001	0.00698045789	199.182129	0.00985019095	16384	1	-
cutoff_norm_sr88200_n0p3_f400	88200	lp	0	0.3	0.05	400	wetL	0.00174878077	0.00247228663	398.364258	0.00113903168	16384	1	-
cutoff_norm_sr88200_n0p3_f800	88200	lp	0	0.3	0.05	800	wetL	0.000488508417	0.000690624853	799.420166	0.000213247806	16384	1	-
cutoff_norm_sr88200_n0p3_f1500	88200	lp	0	0.3	0.05	1500	wetL	0.00014304113	0.000202234765	1499.24927	9.89265434e-05	16384	1	-
cutoff_norm_sr88200_n0p3_f2500	88200	lp	0	0.3	0.05	2500	wetL	5.19561164e-05	7.3470444e-05	2497.85156	7.56917527e-05	16384	1	-
cutoff_norm_sr88200_n0p3_f4000	88200	lp	0	0.3	0.05	4000	wetL	2.04300105e-05	2.88914149e-05	3999.79248	5.71381373e-06	16384	1	-
cutoff_norm_sr88200_n0p3_f6000	88200	lp	0	0.3	0.05	6000	wetL	9.16541814e-06	1.29616908e-05	5999.68872	1.09734303e-05	16384	1	-
cutoff_norm_sr88200_n0p3_f8000	88200	lp	0	0.3	0.05	8000	wetL	5.21871258e-06	7.3805065e-06	7999.58496	1.03035337e-05	16384	1	-
cutoff_norm_sr88200_n0p3_f10000	88200	lp	0	0.3	0.05	10000	wetL	3.39213806e-06	4.79719407e-06	9999.4812	5.58656684e-06	16384	1	-
cutoff_norm_sr88200_n0p3_f12000	88200	lp	0	0.3	0.05	12000	wetL	2.40063233e-06	3.39480266e-06	11999.3774	9.85710123e-07	16384	1	-
cutoff_norm_sr88200_n0p3_f14000	88200	lp	0	0.3	0.05	14000	wetL	1.80358316e-06	2.55057811e-06	13999.2737	1.89280466e-06	16384	1	-
cutoff_norm_sr88200_n0p3_f16000	88200	lp	0	0.3	0.05	16000	wetL	1.41705683e-06	2.00404013e-06	15999.1699	2.73872542e-06	16384	1	-
cutoff_norm_sr88200_n0p3_f18000	88200	lp	0	0.3	0.05	18000	wetL	1.15320065e-06	1.63062516e-06	17999.0662	2.02664775e-06	16384	1	-
cutoff_norm_sr88200_n0p35_f60	88200	lp	0	0.35	0.05	60	wetL	0.0119412653	0.0167970394	59.2163086	0.00692211467	16384	1	-
cutoff_norm_sr88200_n0p35_f100	88200	lp	0	0.35	0.05	100	wetL	0.0105921268	0.015003519	99.5910645	0.0210961806	16384	1	-
cutoff_norm_sr88200_n0p35_f200	88200	lp	0	0.35	0.05	200	wetL	0.0070947506	0.0100319466	199.182129	0.0132547287	16384	1	-
cutoff_norm_sr88200_n0p35_f400	88200	lp	0	0.35	0.05	400	wetL	0.00306852015	0.00434036974	401.055908	0.000377707955	16384	1	-
cutoff_norm_sr88200_n0p35_f800	88200	lp	0	0.35	0.05	800	wetL	0.000941684816	0.00133134551	799.420166	0.000116146074	16384	1	-
cutoff_norm_sr88200_n0p35_f1500	88200	lp	0	0.35	0.05	1500	wetL	0.000283444338	0.000400749033	1499.24927	0.000148457026	16384	1	-
cutoff_norm_sr88200_n0p35_f2500	88200	lp	0	0.35	0.05	2500	wetL	0.000103720151	0.000146671238	2497.85156	0.000143300486	16384	1	-
cutoff_norm_sr88200_n0p35_f4000	88200	lp	0	0.35	0.05	4000	wetL	4.08902331e-05	5.78255114e-05	3999.79248	1.41316405e-05	16384	1	-
cutoff_norm_sr88200_n0p35_f6000	88200	lp	0	0.35	0.05	6000	wetL	1.83613905e-05	2.59665702e-05	5999.68872	2.1328347e-05	16384	1	-
cutoff_norm_sr88200_n0p35_f8000	88200	lp	0	0.35	0.05	8000	wetL	1.04582033e-05	1.47903655e-05	7999.58496	2.05906928e-05	16384	1	-
cutoff_norm_sr88200_n0p35_f10000	88200	lp	0	0.35	0.05	10000	wetL	6.79879641e-06	9.61490395e-06	9999.4812	1.12955924e-05	16384	1	-
cutoff_norm_sr88200_n0p35_f12000	88200	lp	0	0.35	0.05	12000	wetL	4.81193528e-06	6.80481512e-06	11999.3774	2.07490043e-06	16384	1	-
cutoff_norm_sr88200_n0p35_f14000	88200	lp	0	0.35	0.05	14000	wetL	3.61536275e-06	5.11272286e-06	13999.2737	3.73982804e-06	16384	1	-
cutoff_norm_sr88200_n0p35_f16000	88200	lp	0	0.35	0.05	16000	wetL	2.84064287e-06	4.01731321e-06	15999.1699	5.47897487e-06	16384	1	-
cutoff_norm_sr88200_n0p35_f18000	88200	lp	0	0.35	0.05	18000	wetL	2.31176381e-06	3.26911788e-06	17999.0662	4.07682653e-06	16384	1	-
cutoff_norm_sr88200_n0p4_f60	88200	lp	0	0.4	0.05	60	wetL	0.0123455093	0.0173786048	59.2163086	0.00364021983	16384	1	-
cutoff_norm_sr88200_n0p4_f100	88200	lp	0	0.4	0.05	100	wetL	0.0115550431	0.0163565456	99.5910645	0.0220634803	16384	1	-
cutoff_norm_sr88200_n0p4_f200	88200	lp	0	0.4	0.05	200	wetL	0.00909696942	0.0128496767	199.182129	0.0140086497	16384	1	-
cutoff_norm_sr88200_n0p4_f400	88200	lp	0	0.4	0.05	400	wetL	0.0049258339	0.00697140597	401.055908	0.00252952833	16384	1	-
cutoff_norm_sr88200_n0p4_f800	88200	lp	0	0.4	0.05	800	wetL	0.00175432717	0.00248049346	799.420166	0.000529220781	16384	1	-
cutoff_norm_sr88200_n0p4_f1500	88200	lp	0	0.4	0.05	1500	wetL	0.000556221514	0.000786433583	1499.24927	0.000156709638	16384	1	-
cutoff_norm_sr88200_n0p4_f2500	88200	lp	0	0.4	0.05	2500	wetL	0.000206569499	0.000292113649	2500.54321	0.000261952619	16384	1	-
cutoff_norm_sr88200_n0p4_f4000	88200	lp	0	0.4	0.05	4000	wetL	8.18655104e-05	0.000115771838	3999.79248	3.5928366e-05	16384	1	-
cutoff_norm_sr88200_n0p4_f6000	88200	lp	0	0.4	0.05	6000	wetL	3.68304467e-05	5.2082622e-05	5999.68872	4.08701872e-05	16384	1	-
cutoff_norm_sr88200_n0p4_f8000	88200	lp	0	0.4	0.05	8000	wetL	2.09916092e-05	2.96869968e-05	7999.58496	4.11457143e-05	16384	1	-
cutoff_norm_sr88200_n0p4_f10000	88200	lp	0	0.4	0.05	10000	wetL	1.36506543e-05	1.93049118e-05	9999.4812	2.29554204e-05	16384	1	-
cutoff_norm_sr88200_n0p4_f12000	88200	lp	0	0.4	0.05	12000	wetL	9.66304328e-06	1.36650694e-05	11999.3774	4.45018464e-06	16384	1	-
cutoff_norm_sr88200_n0p4_f14000	88200	lp	0	0.4	0.05	14000	wetL	7.26089294e-06	1.02666539e-05	13999.2737	7.35380711e-06	16384	1	-
cutoff_norm_sr88200_n0p4_f16000	88200	lp	0	0.4	0.05	16000	wetL	5.70535726e-06	8.068629e-06	15999.1699	1.09714689e-05	16384	1	-
cutoff_norm_sr88200_n0p4_f18000	88200	lp	0	0.4	0.05	18000	wetL	4.64332039e-06	6.56657187e-06	17999.0662	8.22845587e-06	16384	1	-
cutoff_norm_sr88200_n0p45_f60	88200	lp	0	0.45	0.05	60	wetL	0.0125545077	0.0176868741	59.2163086	0.00104854204	16384	1	-
cutoff_norm_sr88200_n0p45_f100	88200	lp	0	0.45	0.05	100	wetL	0.0121127504	0.017134996	99.5910645	0.0215845883	16384	1	-
cutoff_norm_sr88200_n0p45_f200	88200	lp	0	0.45	0.05	200	wetL	0.010600093	0.0149652166	199.182129	0.0119086959	16384	1	-
cutoff_norm_sr88200_n0p45_f400	88200	lp	0	0.45	0.05	400	wetL	0.00706605504	0.0100030375	401.055908	0.00802641238	16384	1	-
cutoff_norm_sr88200_n0p45_f800	88200	lp	0	0.45	0.05	800	wetL	0.00307836981	0.00435334633	799.420166	0.00253682153	16384	1	-
cutoff_norm_sr88200_n0p45_f1500	88200	lp	0	0.45	0.05	1500	wetL	0.00106966424	0.00151245465	1499.24927	6.34827665e-05	16384	1	-
cutoff_norm_sr88200_n0p45_f2500	88200	lp	0	0.45	0.05	2500	wetL	0.000408929935	0.000578287715	2500.54321	0.000447815085	16384	1	-
cutoff_norm_sr88200_n0p45_f4000	88200	lp	0	0.45	0.05	4000	wetL	0.000163794246	0.000231632648	3999.79248	9.3412639e-05	16384	1	-
cutoff_norm_sr88200_n0p45_f6000	88200	lp	0	0.45	0.05	6000	wetL	7.3975328e-05	0.000104611115	5999.68872	7.64476628e-05	16384	1	-
cutoff_norm_sr88200_n0p45_f8000	88200	lp	0	0.45	0.05	8000	wetL	4.22199919e-05	5.97089898e-05	7999.58496	8.21466002e-05	16384	1	-
cutoff_norm_sr88200_n0p45_f10000	88200	lp	0	0.45	0.05	10000	wetL	2.74726396e-05	3.88522182e-05	9999.4812	4.69687946e-05	16384	1	-
cutoff_norm_sr88200_n0p45_f12000	88200	lp	0	0.45	0.05	12000	wetL	1.94540897e-05	2.75111861e-05	11999.3774	9.7749257e-06	16384	1	-
cutoff_norm_sr88200_n0p45_f14000	88200	lp	0	0.45	0.05	14000	wetL	1.46210236e-05	2.06746593e-05	13999.2737	1.43500339e-05	16384	1	-
cutoff_norm_sr88200_n0p45_f16000	88200	lp	0	0.45	0.05	16000	wetL	1.14902306e-05	1.6249754e-05	15999.1699	2.19962723e-05	16384	1	-
cutoff_norm_sr88200_n0p45_f18000	88200	lp	0	0.45	0.05	18000	wetL	9.35220477e-06	1.32249141e-05	17999.0662	1.66860298e-05	16384	1	-
cutoff_norm_sr88200_n0p5_f60	88200	lp	0	0.5	0.05	60	wetL	0.0126591576	0.0178464673	59.2163086	0.000883785785	16384	1	-
cutoff_norm_sr88200_n0p5_f100	88200	lp	0	0.5	0.05	100	wetL	0.0124169304	0.0175564375	99.5910645	0.0205526888	16384	1	-
cutoff_norm_sr88200_n0p5_f200	88200	lp	0	0.5	0.05	200	wetL	0.0115615756	0.0163220746	199.182129	0.00839468792	16384	1	-
cutoff_norm_sr88200_n0p5_f400	88200	lp	0	0.5	0.05	400	wetL	0.00904145114	0.0127971065	401.055908	0.0145253192	16384	1	-
cutoff_norm_sr88200_n0p5_f800	88200	lp	0	0.5	0.05	800	wetL	0.00493056787	0.00697415203	799.420166	0.00670938137	16384	1	-
cutoff_norm_sr88200_n0p5_f1500	88200	lp	0	0.5	0.05	1500	wetL	0.00197772443	0.00279675282	1499.24927	0.0010136068	16384	1	-
cutoff_norm_sr88200_n0p5_f2500	88200	lp	0	0.5	0.05	2500	wetL	0.000798322442	0.00112898498	2500.54321	0.000663642127	16384	1	-
cutoff_norm_sr88200_n0p5_f4000	88200	lp	0	0.5	0.05	4000	wetL	0.000326660278	0.000461955837	3999.79248	0.000246128046	16384	1	-
cutoff_norm_sr88200_n0p5_f6000	88200	lp	0	0.5	0.05	6000	wetL	0.000148714878	0.000210303979	5999.68872	0.000136821498	16384	1	-
cutoff_norm_sr88200_n0p5_f8000	88200	lp	0	0.5	0.05	8000	wetL	8.51178583e-05	0.000120376786	7999.58496	0.000163513809	16384	1	-
cutoff_norm_sr88200_n0p5_f10000	88200	lp	0	0.5	0.05	10000	wetL	5.54596956e-05	7.84319498e-05	9999.4812	9.69438668e-05	16384	1	-
cutoff_norm_sr88200_n0p5_f12000	88200	lp	0	0.5	0.05	12000	wetL	3.93008652e-05	5.55764094e-05	11999.3774	2.21111708e-05	16384	1	-
cutoff_norm_sr88200_n0p5_f14000	88200	lp	0	0.5	0.05	14000	wetL	2.95501015e-05	4.17862228e-05	13999.2737	2.76476892e-05	16384	1	-
cutoff_norm_sr88200_n0p5_f16000	88200	lp	0	0.5	0.05	16000	wetL	2.32290896e-05	3.28511574e-05	15999.1699	4.41589591e-05	16384	1	-
cutoff_norm_sr88200_n0p5_f18000	88200	lp	0	0.5	0.05	18000	wetL	1.89103935e-05	2.67301028e-05	17999.0662	3.40593376e-05	16384	1	-
cutoff_norm_sr88200_n0p55_f60	88200	lp	0	0.55	0.05	60	wetL	0.0127103513	0.0179281988	59.2163086	0.00226726251	16384	1	-
cutoff_norm_sr88200_n0p55_f100	88200	lp	0	0.55	0.05	100	wetL	0.0125777384	0.0177775887	99.5910645	0.0194654877	16384	1	-
cutoff_norm_sr88200_n0p55_f200	88200	lp	0	0.55	0.05	200	wetL	0.0121154208	0.0171074619	199.182129	0.00484449132	16384	1	-
cutoff_norm_sr88200_n0p55_f400	88200	lp	0	0.55	0.05	400	wetL	0.0105323602	0.0149005814	401.055908	0.0197506808	16384	1	-
cutoff_norm_sr88200_n0p55_f800	88200	lp	0	0.55	0.05	800	wetL	0.0070452197	0.00996660429	802.111816	0.0125071899	16384	1	-
cutoff_norm_sr88200_n0p55_f1500	88200	lp	0	0.55	0.05	1500	wetL	0.00341394038	0.004828313	1499.24927	0.00356651801	16384	1	-
cutoff_norm_sr88200_n0p55_f2500	88200	lp	0	0.55	0.05	2500	wetL	0.00151287002	0.00213959416	2500.54321	0.00066457845	16384	1	-
cutoff_norm_sr88200_n0p55_f4000	88200	lp	0	0.55	0.05	4000	wetL	0.000645350197	0.000912645446	3999.79248	0.000646484096	16384	1	-
cutoff_norm_sr88200_n0p55_f6000	88200	lp	0	0.55	0.05	6000	wetL	0.000298680704	0.000422388775	5999.68872	0.00022383952	16384	1	-
cutoff_norm_sr88200_n0p55_f8000	88200	lp	0	0.55	0.05	8000	wetL	0.000171979307	0.000243219124	7999.58496	0.000322845231	16384	1	-
cutoff_norm_sr88200_n0p55_f10000	88200	lp	0	0.55	0.05	10000	wetL	0.000112371033	0.000158917624	9999.4812	0.000202186637	16384	1	-
cutoff_norm_sr88200_n0p55_f12000	88200	lp	0	0.55	0.05	12000	wetL	7.97532945e-05	0.000112778739	11999.3774	5.17849737e-05	16384	1	-
cutoff_norm_sr88200_n0p55_f14000	88200	lp	0	0.55	0.05	14000	wetL	6.00221114e-05	8.48819113e-05	13999.2737	5.20746309e-05	16384	1	-
cutoff_norm_sr88200_n0p55_f16000	88200	lp	0	0.55	0.05	16000	wetL	4.72113669e-05	6.67672552e-05	15999.1699	8.8751904e-05	16384	1	-
cutoff_norm_sr88200_n0p55_f18000	88200	lp	0	0.55	0.05	18000	wetL	3.8449752e-05	5.43750791e-05	17999.0662	7.01556777e-05	16384	1	-
cutoff_norm_sr88200_n0p6_f60	88200	lp	0	0.6	0.05	60	wetL	0.0127348336	0.0179698803	59.2163086	0.00325211231	16384	1	-
cutoff_norm_sr88200_n0p6_f100	88200	lp	0	0.6	0.05	100	wetL	0.0126616074	0.0178917648	99.5910645	0.0185234533	16384	1	-
cutoff_norm_sr88200_n0p6_f200	88200	lp	0	0.6	0.05	200	wetL	0.0124155924	0.0175358421	199.182129	0.00189272192	16384	1	-
cutoff_norm_sr88200_n0p6_f400	88200	lp	0	0.6	0.05	400	wetL	0.0114985825	0.0162602067	401.055908	0.02280699	16384	1	-
cutoff_norm_sr88200_n0p6_f800	88200	lp	0	0.6	0.05	800	wetL	0.00898453261	0.0127100198	802.111816	0.0177562044	16384	1	-
cutoff_norm_sr88200_n0p6_f1500	88200	lp	0	0.6	0.05	1500	wetL	0.00532736569	0.00753519237	1501.94092	0.00824173056	16384	1	-
cutoff_norm_sr88200_n0p6_f2500	88200	lp	0	0.6	0.05	2500	wetL	0.0027080492	0.00383008256	2500.54321	0.000270878104	16384	1	-
cutoff_norm_sr88200_n0p6_f4000	88200	lp	0	0.6	0.05	4000	wetL	0.00124570685	0.00176168957	3999.79248	0.00164060306	16384	1	-
cutoff_norm_sr88200_n0p6_f6000	88200	lp	0	0.6	0.05	6000	wetL	0.000596071491	0.000842922768	5999.68872	0.000292860692	16384	1	-
cutoff_norm_sr88200_n0p6_f8000	88200	lp	0	0.6	0.05	8000	wetL	0.000347605003	0.000491592462	7999.58496	0.00062447554	16384	1	-
cutoff_norm_sr88200_n0p6_f10000	88200	lp	0	0.6	0.05	10000	wetL	0.000228509507	0.00032316322	9999.4812	0.000426075154	16384	1	-
cutoff_norm_sr88200_n0p6_f12000	88200	lp	0	0.6	0.05	12000	wetL	0.000162726595	0.00023011557	11999.3774	0.000126077136	16384	1	-
cutoff_norm_sr88200_n0p6_f14000	88200	lp	0	0.6	0.05	14000	wetL	0.00012271859	0.000173541813	13999.2737	9.38448222e-05	16384	1	-
cutoff_norm_sr88200_n0p6_f16000	88200	lp	0	0.6	0.05	16000	wetL	9.66547e-05	0.000136691393	15999.1699	0.00017832533	16384	1	-
cutoff_norm_sr88200_n0p6_f18000	88200	lp	0	0.6	0.05	18000	wetL	7.87888152e-05	0.000111380377	17999.0662	0.000146298371	16384	1	-
cutoff_norm_sr88200_n0p65_f60	88200	lp	0	0.65	0.05	60	wetL	0.0127462068	0.0179911643	59.2163086	0.00394858679	16384	1	-
cutoff_norm_sr88200_n0p65_f100	88200	lp	0	0.65	0.05	100	wetL	0.0127052271	0.0179504586	99.5910645	0.0177751326	16384	1	-
cutoff_norm_sr88200_n0p65_f200	88200	lp	0	0.65	0.05	200	wetL	0.0125731108	0.0177626474	199.182129	0.00035126868	16384	1	-
cutoff_norm_sr88200_n0p65_f400	88200	lp	0	0.65	0.05	400	wetL	0.0120655331	0.0170560728	398.364258	0.0241200371	16384	1	-
cutoff_norm_sr88200_n0p65_f800	88200	lp	0	0.65	0.05	800	wetL	0.0104518857	0.0147840892	799.420166	0.0207307727	16384	1	-
cutoff_norm_sr88200_n0p65_f1500	88200	lp	0	0.65	0.05	1500	wetL	0.0073886807	0.0104510246	1501.94092	0.0139135623	16384	1	-
cutoff_norm_sr88200_n0p65_f2500	88200	lp	0	0.65	0.05	2500	wetL	0.0044192106	0.00625039669	2500.54321	0.00324671518	16384	1	-
cutoff_norm_sr88200_n0p65_f4000	88200	lp	0	0.65	0.05	4000	wetL	0.00228767672	0.00323530293	3999.79248	0.00380135898	16384	1	-
cutoff_norm_sr88200_n0p65_f6000	88200	lp	0	0.65	0.05	6000	wetL	0.00116605727	0.00164892071	5999.68872	0.000124761268	16384	1	-
cutoff_norm_sr88200_n0p65_f8000	88200	lp	0	0.65	0.05	8000	wetL	0.000698297698	0.000987546828	7999.58496	0.00114781889	16384	1	-
cutoff_norm_sr88200_n0p65_f10000	88200	lp	0	0.65	0.05	10000	wetL	0.000465178992	0.000657871877	9999.4812	0.000901793103	16384	1	-
cutoff_norm_sr88200_n0p65_f12000	88200	lp	0	0.65	0.05	12000	wetL	0.000333757211	0.000471981237	11999.3774	0.000319111583	16384	1	-
cutoff_norm_sr88200_n0p65_f14000	88200	lp	0	0.65	0.05	14000	wetL	0.000252866459	0.000357584506	13999.2737	0.000153078574	16384	1	-
cutoff_norm_sr88200_n0p65_f16000	88200	lp	0	0.65	0.05	16000	wetL	0.000199765524	0.000282512493	15999.1699	0.000356430451	16384	1	-
cutoff_norm_sr88200_n0p65_f18000	88200	lp	0	0.65	0.05	18000	wetL	0.000163180313	0.000230671108	17999.0662	0.000309973791	16384	1	-
cutoff_norm_sr88200_n0p7_f60	88200	lp	0	0.7	0.05	60	wetL	0.0127512586	0.0180020634	59.2163086	0.00444007751	16384	1	-
cutoff_norm_sr88200_n0p7_f100	88200	lp	0	0.7	0.05	100	wetL	0.0127280116	0.0179806056	99.5910645	0.0172071109	16384	1	-
cutoff_norm_sr88200_n0p7_f200	88200	lp	0	0.7	0.05	200	wetL	0.0126545195	0.0178810688	199.182129	0.00198359367	16384	1	-
cutoff_norm_sr88200_n0p7_f400	88200	lp	0	0.7	0.05	400	wetL	0.012379793	0.0174963012	398.364258	0.0244348743	16384	1	-
cutoff_norm_sr88200_n0p7_f800	88200	lp	0	0.7	0.05	800	wetL	0.0114146727	0.0161436083	799.420166	0.0214510889	16384	1	-
cutoff_norm_sr88200_n0p7_f1500	88200	lp	0	0.7	0.05	1500	wetL	0.00919288721	0.0130027275	1501.94092	0.0183747629	16384	1	-
cutoff_norm_sr88200_n0p7_f2500	88200	lp	0	0.7	0.05	2500	wetL	0.00640994662	0.00906577756	2500.54321	0.00848333756	16384	1	-
cutoff_norm_sr88200_n0p7_f4000	88200	lp	0	0.7	0.05	4000	wetL	0.00384390929	0.00543627784	3999.79248	0.00741705157	16384	1	-
cutoff_norm_sr88200_n0p7_f6000	88200	lp	0	0.7	0.05	6000	wetL	0.00217181558	0.00307135486	5999.68872	0.000925490157	16384	1	-
cutoff_norm_sr88200_n0p7_f8000	88200	lp	0	0.7	0.05	8000	wetL	0.00136955784	0.00193684549	7999.58496	0.00185725573	16384	1	-
cutoff_norm_sr88200_n0p7_f10000	88200	lp	0	0.7	0.05	10000	wetL	0.000938542403	0.0013273325	9999.4812	0.00187291083	16384	1	-
cutoff_norm_sr88200_n0p7_f12000	88200	lp	0	0.7	0.05	12000	wetL	0.00068482825	0.000968427309	11999.3774	0.000830629716	16384	1	-
cutoff_norm_sr88200_n0p7_f14000	88200	lp	0	0.7	0.05	14000	wetL	0.000524446171	0.000741470159	13999.2737	0.000184703811	16384	1	-
cutoff_norm_sr88200_n0p7_f16000	88200	lp	0	0.7	0.05	16000	wetL	0.000417302022	0.000590158036	15999.1699	0.000697641396	16384	1	-
cutoff_norm_sr88200_n0p7_f18000	88200	lp	0	0.7	0.05	18000	wetL	0.000342590531	0.00048449773	17999.0662	0.000668509406	16384	1	-
cutoff_norm_sr88200_n0p75_f60	88200	lp	0	0.75	0.05	60	wetL	0.01275333	0.0180076818	59.2163086	0.00478665866	16384	1	-
cutoff_norm_sr88200_n0p75_f100	88200	lp	0	0.75	0.05	100	wetL	0.0127400288	0.0179961797	99.5910645	0.0167870811	16384	1	-
cutoff_norm_sr88200_n0p75_f200	88200	lp	0	0.75	0.05	200	wetL	0.0126963696	0.0179427894	199.182129	0.00314928977	16384	1	-
cutoff_norm_sr88200_n0p75_f400	88200	lp	0	0.75	0.05	400	wetL	0.0125491941	0.0177333029	398.364258	0.0242997593	16384	1	-
cutoff_norm_sr88200_n0p75_f800	88200	lp	0	0.75	0.05	800	wetL	0.0119907999	0.0169564327	799.420166	0.0208455334	16384	1	-
cutoff_norm_sr88200_n0p75_f1500	88200	lp	0	0.75	0.05	1500	wetL	0.0105295393	0.0148913505	1499.24927	0.0204901327	16384	1	-
cutoff_norm_sr88200_n0p75_f2500	88200	lp	0	0.75	0.05	2500	wetL	0.00828719022	0.0117201303	2500.54321	0.0143706872	16384	1	-
cutoff_norm_sr88200_n0p75_f4000	88200	lp	0	0.75	0.05	4000	wetL	0.00572328322	0.00809417227	3999.79248	0.0114042191	16384	1	-
cutoff_norm_sr88200_n0p75_f6000	88200	lp	0	0.75	0.05	6000	wetL	0.00367918957	0.00520309346	5999.68872	0.00385285453	16384	1	-
cutoff_norm_sr88200_n0p75_f8000	88200	lp	0	0.75	0.05	8000	wetL	0.00252139406	0.0035657692	7999.58496	0.00215973906	16384	1	-
cutoff_norm_sr88200_n0p75_f10000	88200	lp	0	0.75	0.05	10000	wetL	0.00182371863	0.00257920116	9999.4812	0.00357458069	16384	1	-
cutoff_norm_sr88200_n0p75_f12000	88200	lp	0	0.75	0.05	12000	wetL	0.00137933495	0.00195061581	11999.3774	0.00213450734	16384	1	-
cutoff_norm_sr88200_n0p75_f14000	88200	lp	0	0.75	0.05	14000	wetL	0.00108261644	0.00153061581	13999.2737	5.85077653e-05	16384	1	-
cutoff_norm_sr88200_n0p75_f16000	88200	lp	0	0.75	0.05	16000	wetL	0.000876523071	0.00123959814	15999.1699	0.00127080619	16384	1	-
cutoff_norm_sr88200_n0p75_f18000	88200	lp	0	0.75	0.05	18000	wetL	0.000728698209	0.00103003967	17999.0662	0.00145437973	16384	1	-
cutoff_norm_sr88200_n0p8_f60	88200	lp	0	0.8	0.05	60	wetL	0.0127540432	0.0180106394	59.2163086	0.00503090433	16384	1	-
cutoff_norm_sr88200_n0p8_f100	88200	lp	0	0.8	0.05	100	wetL	0.0127464584	0.0180043841	99.5910645	0.0164815399	16384	1	-
cutoff_norm_sr88200_n0p8_f200	88200	lp	0	0.8	0.05	200	wetL	0.0127179003	0.0179751343	199.182129	0.00397374447	16384	1	-
cutoff_norm_sr88200_n0p8_f400	88200	lp	0	0.8	0.05	400	wetL	0.0126396599	0.017859614	398.364258	0.0240152195	16384	1	-
cutoff_norm_sr88200_n0p8_f800	88200	lp	0	0.8	0.05	800	wetL	0.012318091	0.0174176944	799.420166	0.0197504287	16384	1	-
cutoff_norm_sr88200_n0p8_f1500	88200	lp	0	0.8	0.05	1500	wetL	0.0114100964	0.0161355452	1499.24927	0.0206614337	16384	1	-
cutoff_norm_sr88200_n0p8_f2500	88200	lp	0	0.8	0.05	2500	wetL	0.00978487736	0.0138372731	2500.54321	0.0189947897	16384	1	-
cutoff_norm_sr88200_n0p8_f4000	88200	lp	0	0.8	0.05	4000	wetL	0.00755529137	0.0106849744	3999.79248	0.0138083456	16384	1	-
cutoff_norm_sr88200_n0p8_f6000	88200	lp	0	0.8	0.05	6000	wetL	0.00546590616	0.00772992303	5999.68872	0.00864999982	16384	1	-
cutoff_norm_sr88200_n0p8_f8000	88200	lp	0	0.8	0.05	8000	wetL	0.00412069828	0.00582746054	7999.58496	0.000628599657	16384	1	-
cutoff_norm_sr88200_n0p8_f10000	88200	lp	0	0.8	0.05	10000	wetL	0.00321973976	0.00455350188	9999.4812	0.00547076139	16384	1	-
cutoff_norm_sr88200_n0p8_f12000	88200	lp	0	0.8	0.05	12000	wetL	0.00259026238	0.00366329307	11999.3774	0.0048662188	16384	1	-
cutoff_norm_sr88200_n0p8_f14000	88200	lp	0	0.8	0.05	14000	wetL	0.00213518692	0.00301943567	13999.2737	0.00142023039	16384	1	-
cutoff_norm_sr88200_n0p8_f16000	88200	lp	0	0.8	0.05	16000	wetL	0.00179714314	0.00254155339	15999.1699	0.00180009541	16384	1	-
cutoff_norm_sr88200_n0p8_f18000	88200	lp	0	0.8	0.05	18000	wetL	0.00154073463	0.00217819017	17999.0662	0.00302201833	16384	1	-
cutoff_norm_sr88200_n0p85_f60	88200	lp	0	0.85	0.05	60	wetL	0.0127541726	0.0180121475	59.2163086	0.00520278162	16384	1	-
cutoff_norm_sr88200_n0p85_f100	88200	lp	0	0.85	0.05	100	wetL	0.0127499619	0.0180085702	99.5910645	0.0162618561	16384	1	-
cutoff_norm_sr88200_n0p85_f200	88200	lp	0	0.85	0.05	200	wetL	0.0127290325	0.0179921713	199.182129	0.00455389153	16384	1	-
cutoff_norm_sr88200_n0p85_f400	88200	lp	0	0.85	0.05	400	wetL	0.0126880911	0.0179270304	398.364258	0.0237191587	16384	1	-
cutoff_norm_sr88200_n0p85_f800	88200	lp	0	0.85	0.05	800	wetL	0.0124996532	0.0176734286	799.420166	0.0186317157	16384	1	-
cutoff_norm_sr88200_n0p85_f1500	88200	lp	0	0.85	0.05	1500	wetL	0.0119485043	0.0168954606	1499.24927	0.0198119084	16384	1	-
cutoff_norm_sr88200_n0p85_f2500	88200	lp	0	0.85	0.05	2500	wetL	0.0108469246	0.0153383782	2500.54321	0.0216908213	16384	1	-
cutoff_norm_sr88200_n0p85_f4000	88200	lp	0	0.85	0.05	4000	wetL	0.00908219227	0.0128440784	3999.79248	0.013872903	16384	1	-
cutoff_norm_sr88200_n0p85_f6000	88200	lp	0	0.85	0.05	6000	wetL	0.00716833357	0.0101376135	5999.68872	0.0135818193	16384	1	-
cutoff_norm_sr88200_n0p85_f8000	88200	lp	0	0.85	0.05	8000	wetL	0.00582018755	0.00823084383	7999.58496	0.0033309241	16384	1	-
cutoff_norm_sr88200_n0p85_f10000	88200	lp	0	0.85	0.05	10000	wetL	0.00487350378	0.00689217746	9999.4812	0.00568871711	16384	1	-
cutoff_norm_sr88200_n0p85_f12000	88200	lp	0	0.85	0.05	12000	wetL	0.00419027223	0.00592612019	11996.6858	0.00836597606	16384	1	-
cutoff_norm_sr88200_n0p85_f14000	88200	lp	0	0.85	0.05	14000	wetL	0.00368212485	0.00520723624	13999.2737	0.00504971853	16384	1	-
cutoff_norm_sr88200_n0p85_f16000	88200	lp	0	0.85	0.05	16000	wetL	0.0032936548	0.00465792138	15999.1699	0.000709457572	16384	1	-
cutoff_norm_sr88200_n0p85_f18000	88200	lp	0	0.85	0.05	18000	wetL	0.00298988596	0.00422850658	17999.0662	0.00491367235	16384	1	-
cutoff_norm_sr88200_n0p9_f60	88200	lp	0	0.9	0.05	60	wetL	0.0127540788	0.0180129956	59.2163086	0.00532329843	16384	1	-
cutoff_norm_sr88200_n0p9_f100	88200	lp	0	0.9	0.05	100	wetL	0.0127519118	0.0180109247	99.5910645	0.0161055351	16384	1	-
cutoff_norm_sr88200_n0p9_f200	88200	lp	0	0.9	0.05	200	wetL	0.0127348349	0.0180014429	199.182129	0.00496013865	16384	1	-
cutoff_norm_sr88200_n0p9_f400	88200	lp	0	0.9	0.05	400	wetL	0.0127142791	0.0179635448	398.364258	0.0234642604	16384	1	-
cutoff_norm_sr88200_n0p9_f800	88200	lp	0	0.9	0.05	800	wetL	0.0125998169	0.0178143538	799.420166	0.0176782922	16384	1	-
cutoff_norm_sr88200_n0p9_f1500	88200	lp	0	0.9	0.05	1500	wetL	0.0122643203	0.0173406076	1499.24927	0.0186548964	16384	1	-
cutoff_norm_sr88200_n0p9_f2500	88200	lp	0	0.9	0.05	2500	wetL	0.0115419352	0.0163206585	2497.85156	0.0228268799	16384	1	-
cutoff_norm_sr88200_n0p9_f4000	88200	lp	0	0.9	0.05	4000	wetL	0.0102318493	0.0144696117	3999.79248	0.0122502198	16384	1	-
cutoff_norm_sr88200_n0p9_f6000	88200	lp	0	0.9	0.05	6000	wetL	0.00859331262	0.0121529538	5999.68872	0.017163575	16384	1	-
cutoff_norm_sr88200_n0p9_f8000	88200	lp	0	0.9	0.05	8000	wetL	0.00731614949	0.0103464145	7999.58496	0.00828440574	16384	1	-
cutoff_norm_sr88200_n0p9_f10000	88200	lp	0	0.9	0.05	10000	wetL	0.00637886794	0.00902092884	9999.4812	0.00347264954	16384	1	-
cutoff_norm_sr88200_n0p9_f12000	88200	lp	0	0.9	0.05	12000	wetL	0.00570101624	0.00806258906	11999.3774	0.0103027638	16384	1	-
cutoff_norm_sr88200_n0p9_f14000	88200	lp	0	0.9	0.05	14000	wetL	0.00521466459	0.00737310879	13999.2737	0.00963041735	16384	1	-
cutoff_norm_sr88200_n0p9_f16000	88200	lp	0	0.9	0.05	16000	wetL	0.00487165644	0.00688893627	15999.1699	0.00334533781	16384	1	-
cutoff_norm_sr88200_n0p9_f18000	88200	lp	0	0.9	0.05	18000	wetL	0.00463981327	0.0065597418	17999.0662	0.00420026578	16384	1	-
cutoff_norm_sr88200_n0p95_f60	88200	lp	0	0.95	0.05	60	wetL	0.0127540381	0.0180131674	59.2163086	0.00534956401	16384	1	-
cutoff_norm_sr88200_n0p95_f100	88200	lp	0	0.95	0.05	100	wetL	0.0127522811	0.0180114018	99.5910645	0.0160712177	16384	1	-
cutoff_norm_sr88200_n0p95_f200	88200	lp	0	0.95	0.05	200	wetL	0.012735879	0.0180031215	199.182129	0.00504858299	16384	1	-
cutoff_norm_sr88200_n0p95_f400	88200	lp	0	0.95	0.05	400	wetL	0.012719121	0.0179702699	398.364258	0.0234035521	16384	1	-
cutoff_norm_sr88200_n0p95_f800	88200	lp	0	0.95	0.05	800	wetL	0.0126184937	0.0178406081	799.420166	0.0174525726	16384	1	-
cutoff_norm_sr88200_n0p95_f1500	88200	lp	0	0.95	0.05	1500	wetL	0.0123248945	0.017426593	1499.24927	0.0183385229	16384	1	-
cutoff_norm_sr88200_n0p95_f2500	88200	lp	0	0.95	0.05	2500	wetL	0.0116828902	0.0165199807	2497.85156	0.0229534879	16384	1	-
cutoff_norm_sr88200_n0p95_f4000	88200	lp	0	0.95	0.05	4000	wetL	0.0104852233	0.0148278121	3999.79248	0.0116445804	16384	1	-
cutoff_norm_sr88200_n0p95_f6000	88200	lp	0	0.95	0.05	6000	wetL	0.00893081308	0.0126302025	5996.99707	0.0178594677	16384	1	-
cutoff_norm_sr88200_n0p95_f8000	88200	lp	0	0.95	0.05	8000	wetL	0.00768081789	0.0108622009	7999.58496	0.0096074369	16384	1	-
cutoff_norm_sr88200_n0p95_f10000	88200	lp	0	0.95	0.05	10000	wetL	0.00674622786	0.00954044095	9999.4812	0.00259433592	16384	1	-
cutoff_norm_sr88200_n0p95_f12000	88200	lp	0	0.95	0.05	12000	wetL	0.00606444977	0.0085762566	11999.3774	0.0104404848	16384	1	-
cutoff_norm_sr88200_n0p95_f14000	88200	lp	0	0.95	0.05	14000	wetL	0.00557554267	0.0078834194	13999.2737	0.0106771564	16384	1	-
cutoff_norm_sr88200_n0p95_f16000	88200	lp	0	0.95	0.05	16000	wetL	0.00523505425	0.00740224303	15999.1699	0.00467863851	16384	1	-
cutoff_norm_sr88200_n0p95_f18000	88200	lp	0	0.95	0.05	18000	wetL	0.00501288772	0.00708665485	17999.0662	0.0033823191	16384	1	-
cutoff_norm_sr88200_n1_f60	88200	lp	0	1	0.05	60	wetL	0.0127540381	0.0180131674	59.2163086	0.00534956401	16384	1	-
cutoff_norm_sr88200_n1_f100	88200	lp	0	1	0.05	100	wetL	0.0127522811	0.0180114018	99.5910645	0.0160712177	16384	1	-
cutoff_norm_sr88200_n1_f200	88200	lp	0	1	0.05	200	wetL	0.012735879	0.0180031215	199.182129	0.00504858299	16384	1	-
cutoff_norm_sr88200_n1_f400	88200	lp	0	1	0.05	400	wetL	0.012719121	0.0179702699	398.364258	0.0234035521	16384	1	-
cutoff_norm_sr88200_n1_f800	88200	lp	0	1	0.05	800	wetL	0.0126184937	0.0178406081	799.420166	0.0174525726	16384	1	-
cutoff_norm_sr88200_n1_f1500	88200	lp	0	1	0.05	1500	wetL	0.0123248945	0.017426593	1499.24927	0.0183385229	16384	1	-
cutoff_norm_sr88200_n1_f2500	88200	lp	0	1	0.05	2500	wetL	0.0116828902	0.0165199807	2497.85156	0.0229534879	16384	1	-
cutoff_norm_sr88200_n1_f4000	88200	lp	0	1	0.05	4000	wetL	0.0104852233	0.0148278121	3999.79248	0.0116445804	16384	1	-
cutoff_norm_sr88200_n1_f6000	88200	lp	0	1	0.05	6000	wetL	0.00893081308	0.0126302025	5996.99707	0.0178594677	16384	1	-
cutoff_norm_sr88200_n1_f8000	88200	lp	0	1	0.05	8000	wetL	0.00768081789	0.0108622009	7999.58496	0.0096074369	16384	1	-
cutoff_norm_sr88200_n1_f10000	88200	lp	0	1	0.05	10000	wetL	0.00674622786	0.00954044095	9999.4812	0.00259433592	16384	1	-
cutoff_norm_sr88200_n1_f12000	88200	lp	0	1	0.05	12000	wetL	0.00606444977	0.0085762566	11999.3774	0.0104404848	16384	1	-
cutoff_norm_sr88200_n1_f14000	88200	lp	0	1	0.05	14000	wetL	0.00557554267	0.0078834194	13999.2737	0.0106771564	16384	1	-
cutoff_norm_sr88200_n1_f16000	88200	lp	0	1	0.05	16000	wetL	0.00523505425	0.00740224303	15999.1699	0.00467863851	16384	1	-
cutoff_norm_sr88200_n1_f18000	88200	lp	0	1	0.05	18000	wetL	0.00501288772	0.00708665485	17999.0662	0.0033823191	16384	1	-
cutoff_norm_sr96000_n0_f60	96000	lp	0	0	0.05	60	wetL	0.00128652023	0.00192496635	58.59375	0.00135333767	16384	1	-
cutoff_norm_sr96000_n0_f100	96000	lp	0	0	0.05	100	wetL	0.000491268802	0.000751031488	99.609375	0.000470554344	16384	1	-
cutoff_norm_sr96000_n0_f200	96000	lp	0	0	0.05	200	wetL	0.000126809678	0.000219628663	199.21875	0.000232034878	16384	1	-
cutoff_norm_sr96000_n0_f400	96000	lp	0	0	0.05	400	wetL	3.20029258e-05	6.40705742e-05	401.367188	5.52733054e-05	16384	1	-
cutoff_norm_sr96000_n0_f800	96000	lp	0	0	0.05	800	wetL	8.18072744e-06	2.17539202e-05	802.734375	1.019788e-05	16384	1	-
cutoff_norm_sr96000_n0_f1500	96000	lp	0	0	0.05	1500	wetL	2.48027258e-06	8.94883885e-06	1447.26562	4.63794584e-06	16384	1	-
cutoff_norm_sr96000_n0_f2500	96000	lp	0	0	0.05	2500	wetL	1.01986571e-06	4.76567488e-06	2340.82031	1.00376214e-06	16384	1	-
cutoff_norm_sr96000_n0_f4000	96000	lp	0	0	0.05	4000	wetL	4.96227771e-07	2.70361843e-06	3641.60156	4.93291292e-07	16384	1	-
cutoff_norm_sr96000_n0_f6000	96000	lp	0	0	0.05	6000	wetL	2.88437224e-07	1.67652515e-06	5337.89062	3.80450179e-07	16384	1	-
cutoff_norm_sr96000_n0_f8000	96000	lp	0	0	0.05	8000	wetL	2.02983716e-07	1.21738911e-06	7001.95312	2.03385705e-07	16384	1	-
cutoff_norm_sr96000_n0_f10000	96000	lp	0	0	0.05	10000	wetL	1.55975413e-07	9.47713414e-07	8645.50781	1.55899342e-07	16384	1	-
cutoff_norm_sr96000_n0_f12000	96000	lp	0	0	0.05	12000	wetL	1.25860596e-07	7.64897465e-07	10283.2031	1.41422492e-07	16384	1	-
cutoff_norm_sr96000_n0_f15000	96000	lp	0	0	0.05	15000	wetL	9.63462877e-08	5.8653255e-07	12691.4062	1.0530811e-07	16384	1	-
cutoff_norm_sr96000_n0_f18000	96000	lp	0	0	0.05	18000	wetL	7.65958223e-08	4.67429402e-07	15117.1875	8.24863073e-08	16384	1	-
cutoff_norm_sr96000_n0_f20000	96000	lp	0	0	0.05	20000	wetL	6.65511438e-08	4.06899073e-07	16731.4453	6.65710661e-08	16384	1	-
cutoff_norm_sr96000_n0p05_f60	96000	lp	0	0.05	0.05	60	wetL	0.00232565865	0.00329739007	58.59375	0.00145639356	16384	1	-
cutoff_norm_sr96000_n0p05_f100	96000	lp	0	0.05	0.05	100	wetL	0.000942738653	0.00134366766	99.609375	0.00114602668	16384	1	-
cutoff_norm_sr96000_n0p05_f200	96000	lp	0	0.05	0.05	200	wetL	0.000249800321	0.000361634259	199.21875	0.00043977689	16384	1	-
cutoff_norm_sr96000_n0p05_f400	96000	lp	0	0.05	0.05	400	wetL	6.34036443e-05	9.34232678e-05	398.4375	0.00010739711	16384	1	-
cutoff_norm_sr96000_n0p05_f800	96000	lp	0	0.05	0.05	800	wetL	1.59004646e-05	2.46926103e-05	799.804688	1.95445389e-05	16384	1	-
cutoff_norm_sr96000_n0p05_f1500	96000	lp	0	0.05	0.05	1500	wetL	4.53147215e-06	7.62859266e-06	1500	9.05100048e-06	16384	1	-
cutoff_norm_sr96000_n0p05_f2500	96000	lp	0	0.05	0.05	2500	wetL	1.63728308e-06	3.10047692e-06	2499.02344	1.57349324e-06	16384	1	-
cutoff_norm_sr96000_n0p05_f4000	96000	lp	0	0.05	0.05	4000	wetL	6.43991143e-07	1.39878267e-06	3999.02344	6.28567691e-07	16384	1	-
cutoff_norm_sr96000_n0p05_f6000	96000	lp	0	0.05	0.05	6000	wetL	2.90044641e-07	7.26714601e-07	6000	5.74786577e-07	16384	1	-
cutoff_norm_sr96000_n0p05_f8000	96000	lp	0	0.05	0.05	8000	wetL	1.66240562e-07	4.71581092e-07	7986.32812	1.68206254e-07	16384	1	-
cutoff_norm_sr96000_n0p05_f10000	96000	lp	0	0.05	0.05	10000	wetL	1.08847201e-07	3.39610456e-07	9899.41406	1.07897781e-07	16384	1	-
cutoff_norm_sr96000_n0p05_f12000	96000	lp	0	0.05	0.05	12000	wetL	7.75500099e-08	2.61181811e-07	11818.3594	1.5049862e-07	16384	1	-
cutoff_norm_sr96000_n0p05_f15000	96000	lp	0	0.05	0.05	15000	wetL	5.18652216e-08	1.89003268e-07	14654.2969	9.95776345e-08	16384	1	-
cutoff_norm_sr96000_n0p05_f18000	96000	lp	0	0.05	0.05	18000	wetL	3.77959491e-08	1.4689752e-07	17507.8125	7.19297727e-08	16384	1	-
cutoff_norm_sr96000_n0p05_f20000	96000	lp	0	0.05	0.05	20000	wetL	3.16676758e-08	1.26291561e-07	19409.1797	3.17898457e-08	16384	1	-
cutoff_norm_sr96000_n0p1_f60	96000	lp	0	0.1	0.05	60	wetL	0.00391261326	0.00553101556	58.59375	0.0002035876	16384	1	-
cutoff_norm_sr96000_n0p1_f100	96000	lp	0	0.1	0.05	100	wetL	0.00175095981	0.00247946346	99.609375	0.00265854562	16384	1	-
cutoff_norm_sr96000_n0p1_f200	96000	lp	0	0.1	0.05	200	wetL	0.000489242611	0.000692072866	199.21875	0.000803398641	16384	1	-
cutoff_norm_sr96000_n0p1_f400	96000	lp	0	0.1	0.05	400	wetL	0.000126000578	0.00017828973	398.4375	0.000205329241	16384	1	-
cutoff_norm_sr96000_n0p1_f800	96000	lp	0	0.1	0.05	800	wetL	3.17082147e-05	4.50267285e-05	799.804688	3.75106815e-05	16384	1	-
cutoff_norm_sr96000_n0p1_f1500	96000	lp	0	0.1	0.05	1500	wetL	9.04007542e-06	1.2877888e-05	1497.07031	1.8054469e-05	16384	1	-
cutoff_norm_sr96000_n0p1_f2500	96000	lp	0	0.1	0.05	2500	wetL	3.26115749e-06	4.6816865e-06	2499.02344	3.07879489e-06	16384	1	-
cutoff_norm_sr96000_n0p1_f4000	96000	lp	0	0.1	0.05	4000	wetL	1.27846227e-06	1.85148001e-06	3999.02344	1.23405075e-06	16384	1	-
cutoff_norm_sr96000_n0p1_f6000	96000	lp	0	0.1	0.05	6000	wetL	5.72254121e-07	8.37679644e-07	6000	1.14439454e-06	16384	1	-
cutoff_norm_sr96000_n0p1_f8000	96000	lp	0	0.1	0.05	8000	wetL	3.25137912e-07	4.81281767e-07	8000.97656	3.30617321e-07	16384	1	-
cutoff_norm_sr96000_n0p1_f10000	96000	lp	0	0.1	0.05	10000	wetL	2.10818722e-07	3.14478192e-07	9999.02344	2.07980708e-07	16384	1	-
cutoff_norm_sr96000_n0p1_f12000	96000	lp	0	0.1	0.05	12000	wetL	1.4873525e-07	2.24193603e-07	12000	2.9745164e-07	16384	1	-
cutoff_norm_sr96000_n0p1_f15000	96000	lp	0	0.1	0.05	15000	wetL	9.80238664e-08	1.48913794e-07	15000	1.96033609e-07	16384	1	-
cutoff_norm_sr96000_n0p1_f18000	96000	lp	0	0.1	0.05	18000	wetL	7.05726734e-08	1.08429675e-07	18000	1.411338e-07	16384	1	-
cutoff_norm_sr96000_n0p1_f20000	96000	lp	0	0.1	0.05	20000	wetL	5.87793067e-08	9.06716124e-08	19998.0469	5.91234286e-08	16384	1	-
cutoff_norm_sr96000_n0p15_f60	96000	lp	0	0.15	0.05	60	wetL	0.00594790464	0.00844688338	61.5234375	0.00362648903	16384	1	-
cutoff_norm_sr96000_n0p15_f100	96000	lp	0	0.15	0.05	100	wetL	0.00307078212	0.00435017279	99.609375	0.00555225298	16384	1	-
cutoff_norm_sr96000_n0p15_f200	96000	lp	0	0.15	0.05	200	wetL	0.000941300815	0.00132960402	199.21875	0.00136052565	16384	1	-
cutoff_norm_sr96000_n0p15_f400	96000	lp	0	0.15	0.05	400	wetL	0.000249208634	0.000352024588	398.4375	0.000381254767	16384	1	-
cutoff_norm_sr96000_n0p15_f800	96000	lp	0	0.15	0.05	800	wetL	6.31774687e-05	8.9333498e-05	799.804688	7.04755096e-05	16384	1	-
cutoff_norm_sr96000_n0p15_f1500	96000	lp	0	0.15	0.05	1500	wetL	1.80441709e-05	2.55141035e-05	1497.07031	3.59859728e-05	16384	1	-
cutoff_norm_sr96000_n0p15_f2500	96000	lp	0	0.15	0.05	2500	wetL	6.51218296e-06	9.20916475e-06	2499.02344	5.99567153e-06	16384	1	-
cutoff_norm_sr96000_n0p15_f4000	96000	lp	0	0.15	0.05	4000	wetL	2.5533393e-06	3.6102839e-06	3999.02344	2.4276959e-06	16384	1	-
cutoff_norm_sr96000_n0p15_f6000	96000	lp	0	0.15	0.05	6000	wetL	1.14297661e-06	1.61684469e-06	5997.07031	2.28555716e-06	16384	1	-
cutoff_norm_sr96000_n0p15_f8000	96000	lp	0	0.15	0.05	8000	wetL	6.49401333e-07	9.18889611e-07	8000.97656	6.64854796e-07	16384	1	-
cutoff_norm_sr96000_n0p15_f10000	96000	lp	0	0.15	0.05	10000	wetL	4.21066327e-07	5.95828512e-07	9999.02344	4.13050539e-07	16384	1	-
cutoff_norm_sr96000_n0p15_f12000	96000	lp	0	0.15	0.05	12000	wetL	2.97069824e-07	4.20453578e-07	11997.0703	5.94115904e-07	16384	1	-
cutoff_norm_sr96000_n0p15_f15000	96000	lp	0	0.15	0.05	15000	wetL	1.95779944e-07	2.77122764e-07	14997.0703	3.9155049e-07	16384	1	-
cutoff_norm_sr96000_n0p15_f18000	96000	lp	0	0.15	0.05	18000	wetL	1.4095007e-07	1.99547944e-07	17997.0703	2.8189581e-07	16384	1	-
cutoff_norm_sr96000_n0p15_f20000	96000	lp	0	0.15	0.05	20000	wetL	1.173942e-07	1.66209545e-07	19998.0469	1.18366448e-07	16384	1	-
cutoff_norm_sr96000_n0p2_f60	96000	lp	0	0.2	0.05	60	wetL	0.0080606481	0.0114842803	61.5234375	0.00982214542	16384	1	-
cutoff_norm_sr96000_n0p2_f100	96000	lp	0	0.2	0.05	100	wetL	0.00493674737	0.00699474883	102.539062	0.00978805317	16384	1	-
cutoff_norm_sr96000_n0p2_f200	96000	lp	0	0.2	0.05	200	wetL	0.00175128983	0.00247272085	199.21875	0.00197502453	16384	1	-
cutoff_norm_sr96000_n0p2_f400	96000	lp	0	0.2	0.05	400	wetL	0.000488347784	0.000689832177	398.4375	0.000670937704	16384	1	-
cutoff_norm_sr96000_n0p2_f800	96000	lp	0	0.2	0.05	800	wetL	0.000125620411	0.000177630965	799.804688	0.000127767137	16384	1	-
cutoff_norm_sr96000_n0p2_f1500	96000	lp	0	0.2	0.05	1500	wetL	3.60065418e-05	5.09188669e-05	1500	7.16048409e-05	16384	1	-
cutoff_norm_sr96000_n0p2_f2500	96000	lp	0	0.2	0.05	2500	wetL	1.30067432e-05	1.83911988e-05	2499.02344	1.154108e-05	16384	1	-
cutoff_norm_sr96000_n0p2_f4000	96000	lp	0	0.2	0.05	4000	wetL	5.10137261e-06	7.20795614e-06	3999.02344	4.74538201e-06	16384	1	-
cutoff_norm_sr96000_n0p2_f6000	96000	lp	0	0.2	0.05	6000	wetL	2.28383329e-06	3.22868933e-06	5997.07031	4.56608284e-06	16384	1	-
cutoff_norm_sr96000_n0p2_f8000	96000	lp	0	0.2	0.05	8000	wetL	1.29764845e-06	1.83487607e-06	8000.97656	1.34128311e-06	16384	1	-
cutoff_norm_sr96000_n0p2_f10000	96000	lp	0	0.2	0.05	10000	wetL	8.41399909e-07	1.18972754e-06	9999.02344	8.18740823e-07	16384	1	-
cutoff_norm_sr96000_n0p2_f12000	96000	lp	0	0.2	0.05	12000	wetL	5.93628528e-07	8.39444021e-07	11997.0703	1.18716211e-06	16384	1	-
cutoff_norm_sr96000_n0p2_f15000	96000	lp	0	0.2	0.05	15000	wetL	3.91226185e-07	5.53245076e-07	14997.0703	7.82414792e-07	16384	1	-
cutoff_norm_sr96000_n0p2_f18000	96000	lp	0	0.2	0.05	18000	wetL	2.81661116e-07	3.98310667e-07	17997.0703	5.6330492e-07	16384	1	-
cutoff_norm_sr96000_n0p2_f20000	96000	lp	0	0.2	0.05	20000	wetL	2.34589714e-07	3.3174762e-07	19998.0469	2.37342922e-07	16384	1	-
cutoff_norm_sr96000_n0p25_f60	96000	lp	0	0.25	0.05	60	wetL	0.00983371623	0.0140109841	61.5234375	0.0162285409	16384	1	-
cutoff_norm_sr96000_n0p25_f100	96000	lp	0	0.25	0.05	100	wetL	0.00710281399	0.0100573186	99.609375	0.0138183459	16384	1	-
cutoff_norm_sr96000_n0p25_f200	96000	lp	0	0.25	0.05	200	wetL	0.0030746967	0.0043408415	199.21875	0.00200373198	16384	1	-
cutoff_norm_sr96000_n0p25_f400	96000	lp	0	0.25	0.05	400	wetL	0.000939802222	0.00132769146	398.4375	0.00106245571	16384	1	-
cutoff_norm_sr96000_n0p25_f800	96000	lp	0	0.25	0.05	800	wetL	0.000248697763	0.000351611989	799.804688	0.000217072558	16384	1	-
cutoff_norm_sr96000_n0p25_f1500	96000	lp	0	0.25	0.05	1500	wetL	7.17922011e-05	0.000101422997	1500	0.000141957951	16384	1	-
cutoff_norm_sr96000_n0p25_f2500	96000	lp	0	0.25	0.05	2500	wetL	2.59813498e-05	3.67358782e-05	2499.02344	2.18116482e-05	16384	1	-
cutoff_norm_sr96000_n0p25_f4000	96000	lp	0	0.25	0.05	4000	wetL	1.01965842e-05	1.4395743e-05	3999.02344	9.18546969e-06	16384	1	-
cutoff_norm_sr96000_n0p25_f6000	96000	lp	0	0.25	0.05	6000	wetL	4.56593412e-06	6.45267586e-06	5997.07031	9.12552431e-06	16384	1	-
cutoff_norm_sr96000_n0p25_f8000	96000	lp	0	0.25	0.05	8000	wetL	2.5945161e-06	3.6679406e-06	8000.97656	2.71776354e-06	16384	1	-
cutoff_norm_sr96000_n0p25_f10000	96000	lp	0	0.25	0.05	10000	wetL	1.68235614e-06	2.37853886e-06	9999.02344	1.61816654e-06	16384	1	-
cutoff_norm_sr96000_n0p25_f12000	96000	lp	0	0.25	0.05	12000	wetL	1.18696717e-06	1.67834007e-06	11997.0703	2.37355392e-06	16384	1	-
cutoff_norm_sr96000_n0p25_f15000	96000	lp	0	0.25	0.05	15000	wetL	7.82273983e-07	1.10618222e-06	14997.0703	1.5643974e-06	16384	1	-
cutoff_norm_sr96000_n0p25_f18000	96000	lp	0	0.25	0.05	18000	wetL	5.63198739e-07	7.96420064e-07	17997.0703	1.12632811e-06	16384	1	-
cutoff_norm_sr96000_n0p25_f20000	96000	lp	0	0.25	0.05	20000	wetL	4.69078269e-07	6.63334954e-07	19998.0469	4.76877669e-07	16384	1	-
cutoff_norm_sr96000_n0p3_f60	96000	lp	0	0.3	0.05	60	wetL	0.0110781877	0.0157505084	61.5234375	0.0208855142	16384	1	-
cutoff_norm_sr96000_n0p3_f100	96000	lp	0	0.3	0.05	100	wetL	0.00911115746	0.0128862275	99.609375	0.0154461889	16384	1	-
cutoff_norm_sr96000_n0p3_f200	96000	lp	0	0.3	0.05	200	wetL	0.00494120948	0.00697956131	199.21875	0.00013703496	16384	1	-
cutoff_norm_sr96000_n0p3_f400	96000	lp	0	0.3	0.05	400	wetL	0.00174844131	0.00247081879	398.4375	0.00133123754	16384	1	-
cutoff_norm_sr96000_n0p3_f800	96000	lp	0	0.3	0.05	800	wetL	0.000487972727	0.000689839933	799.804688	0.000322790689	16384	1	-
cutoff_norm_sr96000_n0p3_f1500	96000	lp	0	0.3	0.05	1500	wetL	0.000142859217	0.000202004184	1500	0.000279258821	16384	1	-
cutoff_norm_sr96000_n0p3_f2500	96000	lp	0	0.3	0.05	2500	wetL	5.18910097e-05	7.33723661e-05	2499.02344	3.99943047e-05	16384	1	-
cutoff_norm_sr96000_n0p3_f4000	96000	lp	0	0.3	0.05	4000	wetL	2.03909876e-05	2.87424123e-05	3999.02344	1.75102737e-05	16384	1	-
cutoff_norm_sr96000_n0p3_f6000	96000	lp	0	0.3	0.05	6000	wetL	9.13503553e-06	1.29007915e-05	5997.07031	1.82445996e-05	16384	1	-
cutoff_norm_sr96000_n0p3_f8000	96000	lp	0	0.3	0.05	8000	wetL	5.19165532e-06	7.33676194e-06	8000.97656	5.53994434e-06	16384	1	-
cutoff_norm_sr96000_n0p3_f10000	96000	lp	0	0.3	0.05	10000	wetL	3.36666451e-06	4.75869139e-06	9999.02344	3.18432842e-06	16384	1	-
cutoff_norm_sr96000_n0p3_f12000	96000	lp	0	0.3	0.05	12000	wetL	2.37540565e-06	3.35821821e-06	11997.0703	4.74928305e-06	16384	1	-
cutoff_norm_sr96000_n0p3_f15000	96000	lp	0	0.3	0.05	15000	wetL	1.5655688e-06	2.21359328e-06	14997.0703	3.13053269e-06	16384	1	-
cutoff_norm_sr96000_n0p3_f18000	96000	lp	0	0.3	0.05	18000	wetL	1.12715237e-06	1.59380871e-06	17997.0703	2.25402603e-06	16384	1	-
cutoff_norm_sr96000_n0p3_f20000	96000	lp	0	0.3	0.05	20000	wetL	9.38792209e-07	1.32750664e-06	19998.0469	9.60908008e-07	16384	1	-
cutoff_norm_sr96000_n0p35_f60	96000	lp	0	0.35	0.05	60	wetL	0.0118464013	0.0167983224	61.5234375	0.0234547935	16384	1	-
cutoff_norm_sr96000_n0p35_f100	96000	lp	0	0.35	0.05	100	wetL	0.0106208005	0.0150056705	99.609375	0.014144741	16384	1	-
cutoff_norm_sr96000_n0p35_f200	96000	lp	0	0.35	0.05	200	wetL	0.0070951362	0.0100325518	199.21875	0.00458006828	16384	1	-
cutoff_norm_sr96000_n0p35_f400	96000	lp	0	0.35	0.05	400	wetL	0.00306805653	0.00433784565	398.4375	0.000740609055	16384	1	-
cutoff_norm_sr96000_n0p35_f800	96000	lp	0	0.35	0.05	800	wetL	0.000940493372	0.00132958018	799.804688	0.000334851219	16384	1	-
cutoff_norm_sr96000_n0p35_f1500	96000	lp	0	0.35	0.05	1500	wetL	0.000282989539	0.000400197349	1500	0.000540526237	16384	1	-
cutoff_norm_sr96000_n0p35_f2500	96000	lp	0	0.35	0.05	2500	wetL	0.000103551829	0.000146403692	2499.02344	6.95179451e-05	16384	1	-
cutoff_norm_sr96000_n0p35_f4000	96000	lp	0	0.35	0.05	4000	wetL	4.07963317e-05	5.73198767e-05	3999.02344	3.2558121e-05	16384	1	-
cutoff_norm_sr96000_n0p35_f6000	96000	lp	0	0.35	0.05	6000	wetL	1.82933175e-05	2.57979372e-05	5997.07031	3.64840437e-05	16384	1	-
cutoff_norm_sr96000_n0p35_f8000	96000	lp	0	0.35	0.05	8000	wetL	1.03998692e-05	1.46854955e-05	8000.97656	1.13847545e-05	16384	1	-
cutoff_norm_sr96000_n0p35_f10000	96000	lp	0	0.35	0.05	10000	wetL	6.74508339e-06	9.52936699e-06	9999.02344	6.22526539e-06	16384	1	-
cutoff_norm_sr96000_n0p35_f12000	96000	lp	0	0.35	0.05	12000	wetL	4.75948795e-06	6.72651088e-06	11997.0703	9.5128137e-06	16384	1	-
cutoff_norm_sr96000_n0p35_f15000	96000	lp	0	0.35	0.05	15000	wetL	3.13706411e-06	4.43469833e-06	14997.0703	6.27168877e-06	16384	1	-
cutoff_norm_sr96000_n0p35_f18000	96000	lp	0	0.35	0.05	18000	wetL	2.25865267e-06	3.19336555e-06	17997.0703	4.51618131e-06	16384	1	-
cutoff_norm_sr96000_n0p35_f20000	96000	lp	0	0.35	0.05	20000	wetL	1.8812342e-06	2.6599225e-06	19998.0469	1.94405192e-06	16384	1	-
cutoff_norm_sr96000_n0p4_f60	96000	lp	0	0.4	0.05	60	wetL	0.0122840186	0.0173796277	58.59375	0.0245524092	16384	1	-
cutoff_norm_sr96000_n0p4_f100	96000	lp	0	0.4	0.05	100	wetL	0.0115858671	0.0163587622	99.609375	0.0111777704	16384	1	-
cutoff_norm_sr96000_n0p4_f200	96000	lp	0	0.4	0.05	200	wetL	0.00907966339	0.0128524138	199.21875	0.0110970899	16384	1	-
cutoff_norm_sr96000_n0p4_f400	96000	lp	0	0.4	0.05	400	wetL	0.00492558387	0.0069693582	401.367188	0.00195463552	16384	1	-
cutoff_norm_sr96000_n0p4_f800	96000	lp	0	0.4	0.05	800	wetL	0.00175204393	0.00247705315	799.804688	0.000118282356	16384	1	-
cutoff_norm_sr96000_n0p4_f1500	96000	lp	0	0.4	0.05	1500	wetL	0.000555110892	0.000784648359	1500	0.00101173012	16384	1	-
cutoff_norm_sr96000_n0p4_f2500	96000	lp	0	0.4	0.05	2500	wetL	0.000206130227	0.000291462814	2499.02344	0.000108665359	16384	1	-
cutoff_norm_sr96000_n0p4_f4000	96000	lp	0	0.4	0.05	4000	wetL	8.16329574e-05	0.000114843152	3999.02344	5.79738223e-05	16384	1	-
cutoff_norm_sr96000_n0p4_f6000	96000	lp	0	0.4	0.05	6000	wetL	3.66733098e-05	5.15701788e-05	5997.07031	7.293175e-05	16384	1	-
cutoff_norm_sr96000_n0p4_f8000	96000	lp	0	0.4	0.05	8000	wetL	2.08627153e-05	2.94134773e-05	8000.97656	2.36497379e-05	16384	1	-
cutoff_norm_sr96000_n0p4_f10000	96000	lp	0	0.4	0.05	10000	wetL	1.3535162e-05	1.91034862e-05	9999.02344	1.20459866e-05	16384	1	-
cutoff_norm_sr96000_n0p4_f12000	96000	lp	0	0.4	0.05	12000	wetL	9.55229969e-06	1.34912019e-05	11997.0703	1.9079623e-05	16384	1	-
cutoff_norm_sr96000_n0p4_f15000	96000	lp	0	0.4	0.05	15000	wetL	6.29694497e-06	8.89812047e-06	14997.0703	1.25839997e-05	16384	1	-
cutoff_norm_sr96000_n0p4_f18000	96000	lp	0	0.4	0.05	18000	wetL	4.53406552e-06	6.40879992e-06	17997.0703	9.06357325e-06	16384	1	-
cutoff_norm_sr96000_n0p4_f20000	96000	lp	0	0.4	0.05	20000	wetL	3.77654533e-06	5.33872306e-06	19998.0469	3.95544371e-06	16384	1	-
cutoff_norm_sr96000_n0p45_f60	96000	lp	0	0.45	0.05	60	wetL	0.012522605	0.017687659	58.59375	0.0248556431	16384	1	-
cutoff_norm_sr96000_n0p45_f100	96000	lp	0	0.45	0.05	100	wetL	0.0121403204	0.017136914	99.609375	0.00793899105	16384	1	-
cutoff_norm_sr96000_n0p45_f200	96000	lp	0	0.45	0.05	200	wetL	0.0105685651	0.0149695138	202.148438	0.0170858663	16384	1	-
cutoff_norm_sr96000_n0p45_f400	96000	lp	0	0.45	0.05	400	wetL	0.00706656734	0.0100041999	401.367188	0.00731363664	16384	1	-
cutoff_norm_sr96000_n0p45_f800	96000	lp	0	0.45	0.05	800	wetL	0.00307521321	0.00434853819	799.804688	0.0018556605	16384	1	-
cutoff_norm_sr96000_n0p45_f1500	96000	lp	0	0.45	0.05	1500	wetL	0.00106714348	0.00150914301	1500	0.00176764415	16384	1	-
cutoff_norm_sr96000_n0p45_f2500	96000	lp	0	0.45	0.05	2500	wetL	0.000407794332	0.000576622787	2499.02344	0.000129808463	16384	1	-
cutoff_norm_sr96000_n0p45_f4000	96000	lp	0	0.45	0.05	4000	wetL	0.000163205231	0.000230653075	3999.02344	9.50025291e-05	16384	1	-
cutoff_norm_sr96000_n0p45_f6000	96000	lp	0	0.45	0.05	6000	wetL	7.36009296e-05	0.000102894718	5997.07031	0.000145516119	16384	1	-
cutoff_norm_sr96000_n0p45_f8000	96000	lp	0	0.45	0.05	8000	wetL	4.19267086e-05	5.89206349e-05	8000.97656	4.9817103e-05	16384	1	-
cutoff_norm_sr96000_n0p45_f10000	96000	lp	0	0.45	0.05	10000	wetL	2.72180487e-05	3.84563879e-05	9999.02344	2.29237556e-05	16384	1	-
cutoff_norm_sr96000_n0p45_f12000	96000	lp	0	0.45	0.05	12000	wetL	1.92153901e-05	2.71023039e-05	11997.0703	3.83288127e-05	16384	1	-
cutoff_norm_sr96000_n0p45_f15000	96000	lp	0	0.45	0.05	15000	wetL	1.26704598e-05	1.78899453e-05	14997.0703	2.53005194e-05	16384	1	-
cutoff_norm_sr96000_n0p45_f18000	96000	lp	0	0.45	0.05	18000	wetL	9.12464401e-06	1.28907965e-05	17997.0703	1.82306642e-05	16384	1	-
cutoff_norm_sr96000_n0p45_f20000	96000	lp	0	0.45	0.05	20000	wetL	7.60065103e-06	1.07404644e-05	19998.0469	8.11211787e-06	16384	1	-
cutoff_norm_sr96000_n0p5_f60	96000	lp	0	0.5	0.05	60	wetL	0.0126501547	0.0178470505	58.59375	0.024805239	16384	1	-
cutoff_norm_sr96000_n0p5_f100	96000	lp	0	0.5	0.05	100	wetL	0.0124395041	0.0175580347	99.609375	0.00514365905	16384	1	-
cutoff_norm_sr96000_n0p5_f200	96000	lp	0	0.5	0.05	200	wetL	0.011524943	0.0163263521	202.148438	0.0211968779	16384	1	-
cutoff_norm_sr96000_n0p5_f400	96000	lp	0	0.5	0.05	400	wetL	0.00904287215	0.0128023999	401.367188	0.0138562137	16384	1	-
cutoff_norm_sr96000_n0p5_f800	96000	lp	0	0.5	0.05	800	wetL	0.00492887938	0.00697041272	799.804688	0.00580430122	16384	1	-
cutoff_norm_sr96000_n0p5_f1500	96000	lp	0	0.5	0.05	1500	wetL	0.0019728874	0.00278807245	1500	0.00268187702	16384	1	-
cutoff_norm_sr96000_n0p5_f2500	96000	lp	0	0.5	0.05	2500	wetL	0.000795515854	0.00112485545	2499.02344	1.57926428e-05	16384	1	-
cutoff_norm_sr96000_n0p5_f4000	96000	lp	0	0.5	0.05	4000	wetL	0.000325155592	0.00045887936	3999.02344	0.000128400773	16384	1	-
cutoff_norm_sr96000_n0p5_f6000	96000	lp	0	0.5	0.05	6000	wetL	0.000147795877	0.000205767761	5997.07031	0.000288709188	16384	1	-
cutoff_norm_sr96000_n0p5_f8000	96000	lp	0	0.5	0.05	8000	wetL	8.44282248e-05	0.000117863963	8000.97656	0.000106754141	16384	1	-
cutoff_norm_sr96000_n0p5_f10000	96000	lp	0	0.5	0.05	10000	wetL	5.48810882e-05	7.76093006e-05	9999.02344	4.23894567e-05	16384	1	-
cutoff_norm_sr96000_n0p5_f12000	96000	lp	0	0.5	0.05	12000	wetL	3.87724762e-05	5.45347319e-05	11997.0703	7.71244988e-05	16384	1	-
cutoff_norm_sr96000_n0p5_f15000	96000	lp	0	0.5	0.05	15000	wetL	2.55811389e-05	3.60588063e-05	14997.0703	5.09954919e-05	16384	1	-
cutoff_norm_sr96000_n0p5_f18000	96000	lp	0	0.5	0.05	18000	wetL	1.84281049e-05	2.60064101e-05	17997.0703	3.67792748e-05	16384	1	-
cutoff_norm_sr96000_n0p5_f20000	96000	lp	0	0.5	0.05	20000	wetL	1.53523255e-05	2.16767859e-05	19998.0469	1.68227795e-05	16384	1	-
cutoff_norm_sr96000_n0p55_f60	96000	lp	0	0.55	0.05	60	wetL	0.012718066	0.0179286148	58.59375	0.0246314503	16384	1	-
cutoff_norm_sr96000_n0p55_f100	96000	lp	0	0.55	0.05	100	wetL	0.012595542	0.0177787298	99.609375	0.00297142359	16384	1	-
cutoff_norm_sr96000_n0p55_f200	96000	lp	0	0.55	0.05	200	wetL	0.0120804057	0.0171110366	202.148438	0.0235008034	16384	1	-
cutoff_norm_sr96000_n0p55_f400	96000	lp	0	0.55	0.05	400	wetL	0.0105342335	0.0149091383	401.367188	0.0192815511	16384	1	-
cutoff_norm_sr96000_n0p55_f800	96000	lp	0	0.55	0.05	800	wetL	0.0070488208	0.00996696455	799.804688	0.0116562833	16384	1	-
cutoff_norm_sr96000_n0p55_f1500	96000	lp	0	0.55	0.05	1500	wetL	0.00340745561	0.00481630504	1500	0.00301325992	16384	1	-
cutoff_norm_sr96000_n0p55_f2500	96000	lp	0	0.55	0.05	2500	wetL	0.00150668035	0.00213067217	2499.02344	0.000586323042	16384	1	-
cutoff_norm_sr96000_n0p55_f4000	96000	lp	0	0.55	0.05	4000	wetL	0.000641582975	0.000905551107	3999.02344	7.88265531e-05	16384	1	-
cutoff_norm_sr96000_n0p55_f6000	96000	lp	0	0.55	0.05	6000	wetL	0.000296378013	0.000417690881	5997.07031	0.000564590362	16384	1	-
cutoff_norm_sr96000_n0p55_f8000	96000	lp	0	0.55	0.05	8000	wetL	0.000170303374	0.000234473355	8000.97656	0.000233246898	16384	1	-
cutoff_norm_sr96000_n0p55_f10000	96000	lp	0	0.55	0.05	10000	wetL	0.000111009036	0.000156773883	9999.02344	7.42673687e-05	16384	1	-
cutoff_norm_sr96000_n0p55_f12000	96000	lp	0	0.55	0.05	12000	wetL	7.85442002e-05	0.000109834717	11997.0703	0.000155331253	16384	1	-
cutoff_norm_sr96000_n0p55_f15000	96000	lp	0	0.55	0.05	15000	wetL	5.18858186e-05	7.3140822e-05	14997.0703	0.00010307282	16384	1	-
cutoff_norm_sr96000_n0p55_f18000	96000	lp	0	0.55	0.05	18000	wetL	3.74025989e-05	5.26660643e-05	17997.0703	7.44823973e-05	16384	1	-
cutoff_norm_sr96000_n0p55_f20000	96000	lp	0	0.55	0.05	20000	wetL	3.11688311e-05	4.39344996e-05	19998.0469	3.54297804e-05	16384	1	-
cutoff_norm_sr96000_n0p6_f60	96000	lp	0	0.6	0.05	60	wetL	0.0127544511	0.0179701854	58.59375	0.0244386818	16384	1	-
cutoff_norm_sr96000_n0p6_f100	96000	lp	0	0.6	0.05	100	wetL	0.0126755224	0.0178926135	99.609375	0.0013658531	16384	1	-
cutoff_norm_sr96000_n0p6_f200	96000	lp	0	0.6	0.05	200	wetL	0.0123849312	0.0175389507	202.148438	0.0246086147	16384	1	-
cutoff_norm_sr96000_n0p6_f400	96000	lp	0	0.6	0.05	400	wetL	0.0115003595	0.0162686329	401.367188	0.0225900361	16384	1	-
cutoff_norm_sr96000_n0p6_f800	96000	lp	0	0.6	0.05	800	wetL	0.00899440865	0.0127208091	799.804688	0.0173295635	16384	1	-
cutoff_norm_sr96000_n0p6_f1500	96000	lp	0	0.6	0.05	1500	wetL	0.00532424206	0.00752716136	1500	0.00131724506	16384	1	-
cutoff_norm_sr96000_n0p6_f2500	96000	lp	0	0.6	0.05	2500	wetL	0.00269736906	0.00381472865	2499.02344	0.00242044823	16384	1	-
cutoff_norm_sr96000_n0p6_f4000	96000	lp	0	0.6	0.05	4000	wetL	0.00123698993	0.00173431676	3999.02344	0.000322612867	16384	1	-
cutoff_norm_sr96000_n0p6_f6000	96000	lp	0	0.6	0.05	6000	wetL	0.000590322131	0.000833740148	6000	0.00106616894	16384	1	-
cutoff_norm_sr96000_n0p6_f8000	96000	lp	0	0.6	0.05	8000	wetL	0.00034342926	0.000476877523	8000.97656	0.000518839764	16384	1	-
cutoff_norm_sr96000_n0p6_f10000	96000	lp	0	0.6	0.05	10000	wetL	0.000225186366	0.00031844531	9999.02344	0.000115731776	16384	1	-
cutoff_norm_sr96000_n0p6_f12000	96000	lp	0	0.6	0.05	12000	wetL	0.000159850991	0.000220778158	11997.0703	0.000312230549	16384	1	-
cutoff_norm_sr96000_n0p6_f15000	96000	lp	0	0.6	0.05	15000	wetL	0.000105881697	0.000149678407	14997.0703	0.000208775165	16384	1	-
cutoff_norm_sr96000_n0p6_f18000	96000	lp	0	0.6	0.05	18000	wetL	7.64385843e-05	0.000107119491	17997.0703	0.000151492573	16384	1	-
cutoff_norm_sr96000_n0p6_f20000	96000	lp	0	0.6	0.05	20000	wetL	6.37391093e-05	8.9519862e-05	19998.0469	7.62213799e-05	16384	1	-
cutoff_norm_sr96000_n0p65_f60	96000	lp	0	0.65	0.05	60	wetL	0.0127742152	0.017991386	58.59375	0.0242674551	16384	1	-
cutoff_norm_sr96000_n0p65_f100	96000	lp	0	0.65	0.05	100	wetL	0.012716186	0.0179510677	99.609375	0.000210778816	16384	1	-
cutoff_norm_sr96000_n0p65_f200	96000	lp	0	0.65	0.05	200	wetL	0.0125471088	0.0177649181	202.148438	0.0250626791	16384	1	-
cutoff_norm_sr96000_n0p65_f400	96000	lp	0	0.65	0.05	400	wetL	0.012066931	0.0170635226	401.367188	0.0241315427	16384	1	-
cutoff_norm_sr96000_n0p65_f800	96000	lp	0	0.65	0.05	800	wetL	0.0104648862	0.0148005687	799.804688	0.0209265419	16384	1	-
cutoff_norm_sr96000_n0p65_f1500	96000	lp	0	0.65	0.05	1500	wetL	0.00739577605	0.0104565566	1500	0.00321363495	16384	1	-
cutoff_norm_sr96000_n0p65_f2500	96000	lp	0	0.65	0.05	2500	wetL	0.00440820746	0.0062349351	2501.95312	0.00625964891	16384	1	-
cutoff_norm_sr96000_n0p65_f4000	96000	lp	0	0.65	0.05	4000	wetL	0.00227107522	0.0031855877	3999.02344	0.00172478177	16384	1	-
cutoff_norm_sr96000_n0p65_f6000	96000	lp	0	0.65	0.05	6000	wetL	0.00115252827	0.00161174409	6000	0.00185452519	16384	1	-
cutoff_norm_sr96000_n0p65_f8000	96000	lp	0	0.65	0.05	8000	wetL	0.000687909997	0.000972037797	8000.97656	0.00116155186	16384	1	-
cutoff_norm_sr96000_n0p65_f10000	96000	lp	0	0.65	0.05	10000	wetL	0.000456857626	0.000646038398	9999.02344	0.000127291531	16384	1	-
cutoff_norm_sr96000_n0p65_f12000	96000	lp	0	0.65	0.05	12000	wetL	0.000326648917	0.000439036399	11997.0703	0.000620897621	16384	1	-
cutoff_norm_sr96000_n0p65_f15000	96000	lp	0	0.65	0.05	15000	wetL	0.000217673603	0.000307451491	14997.0703	0.000422221094	16384	1	-
cutoff_norm_sr96000_n0p65_f18000	96000	lp	0	0.65	0.05	18000	wetL	0.000157666769	0.000218735158	17997.0703	0.000309208358	16384	1	-
cutoff_norm_sr96000_n0p65_f20000	96000	lp	0	0.65	0.05	20000	wetL	0.000131661165	0.000185448238	19998.0469	0.000168760275	16384	1	-
cutoff_norm_sr96000_n0p7_f60	96000	lp	0	0.7	0.05	60	wetL	0.0127851637	0.0180022326	58.59375	0.0241290098	16384	1	-
cutoff_norm_sr96000_n0p7_f100	96000	lp	0	0.7	0.05	100	wetL	0.0127367982	0.0179810763	99.609375	0.000622395956	16384	1	-
cutoff_norm_sr96000_n0p7_f200	96000	lp	0	0.7	0.05	200	wetL	0.0126325178	0.0178827379	199.21875	0.0252007968	16384	1	-
cutoff_norm_sr96000_n0p7_f400	96000	lp	0	0.7	0.05	400	wetL	0.0123807666	0.0175024879	398.4375	0.0246252041	16384	1	-
cutoff_norm_sr96000_n0p7_f800	96000	lp	0	0.7	0.05	800	wetL	0.0114270662	0.0161577927	799.804688	0.0222457603	16384	1	-
cutoff_norm_sr96000_n0p7_f1500	96000	lp	0	0.7	0.05	1500	wetL	0.00921104547	0.0130145775	1500	0.00936539051	16384	1	-
cutoff_norm_sr96000_n0p7_f2500	96000	lp	0	0.7	0.05	2500	wetL	0.00640977842	0.00906592585	2501.95312	0.0116260246	16384	1	-
cutoff_norm_sr96000_n0p7_f4000	96000	lp	0	0.7	0.05	4000	wetL	0.00382299569	0.00539170533	3999.02344	0.00498531842	16384	1	-
cutoff_norm_sr96000_n0p7_f6000	96000	lp	0	0.7	0.05	6000	wetL	0.00214515079	0.00301400017	6000	0.00266870507	16384	1	-
cutoff_norm_sr96000_n0p7_f8000	96000	lp	0	0.7	0.05	8000	wetL	0.00134546757	0.00187440769	8000.97656	0.00252735534	16384	1	-
cutoff_norm_sr96000_n0p7_f10000	96000	lp	0	0.7	0.05	10000	wetL	0.000917944632	0.00129715532	9999.02344	7.06501204e-05	16384	1	-
cutoff_norm_sr96000_n0p7_f12000	96000	lp	0	0.7	0.05	12000	wetL	0.000666877726	0.000895566053	11997.0703	0.00119123592	16384	1	-
cutoff_norm_sr96000_n0p7_f15000	96000	lp	0	0.7	0.05	15000	wetL	0.000450580346	0.000636976367	14997.0703	0.000841661923	16384	1	-
cutoff_norm_sr96000_n0p7_f18000	96000	lp	0	0.7	0.05	18000	wetL	0.000328923517	0.000462904371	17997.0703	0.000629607474	16384	1	-
cutoff_norm_sr96000_n0p7_f20000	96000	lp	0	0.7	0.05	20000	wetL	0.00027561214	0.000389770732	19998.0469	0.000387781858	16384	1	-
cutoff_norm_sr96000_n0p75_f60	96000	lp	0	0.75	0.05	60	wetL	0.0127913769	0.0180077992	58.59375	0.024022505	16384	1	-
cutoff_norm_sr96000_n0p75_f100	96000	lp	0	0.75	0.05	100	wetL	0.0127472472	0.0179965036	99.609375	0.00120829115	16384	1	-
cutoff_norm_sr96000_n0p75_f200	96000	lp	0	0.75	0.05	200	wetL	0.0126774998	0.0179437898	199.21875	0.0252026319	16384	1	-
cutoff_norm_sr96000_n0p75_f400	96000	lp	0	0.75	0.05	400	wetL	0.0125498055	0.0177367055	398.4375	0.0246208197	16384	1	-
cutoff_norm_sr96000_n0p75_f800	96000	lp	0	0.75	0.05	800	wetL	0.012000664	0.0169687505	799.804688	0.0221102809	16384	1	-
cutoff_norm_sr96000_n0p75_f1500	96000	lp	0	0.75	0.05	1500	wetL	0.0105531271	0.0149231579	1500	0.0150883849	16384	1	-
cutoff_norm_sr96000_n0p75_f2500	96000	lp	0	0.75	0.05	2500	wetL	0.00830545224	0.0117466129	2501.95312	0.016513394	16384	1	-
cutoff_norm_sr96000_n0p75_f4000	96000	lp	0	0.75	0.05	4000	wetL	0.00571441903	0.00808154522	4001.95312	0.00997289539	16384	1	-
cutoff_norm_sr96000_n0p75_f6000	96000	lp	0	0.75	0.05	6000	wetL	0.00364385847	0.00514617961	6000	0.00243252244	16384	1	-
cutoff_norm_sr96000_n0p75_f8000	96000	lp	0	0.75	0.05	8000	wetL	0.00247660031	0.00349715361	8000.97656	0.00494566065	16384	1	-
cutoff_norm_sr96000_n0p75_f10000	96000	lp	0	0.75	0.05	10000	wetL	0.0017782351	0.002513172	9999.02344	0.00104172666	16384	1	-
cutoff_norm_sr96000_n0p75_f12000	96000	lp	0	0.75	0.05	12000	wetL	0.00133596861	0.00188124256	11997.0703	0.00205615466	16384	1	-
cutoff_norm_sr96000_n0p75_f15000	96000	lp	0	0.75	0.05	15000	wetL	0.000931489583	0.00131637646	14997.0703	0.00158722765	16384	1	-
cutoff_norm_sr96000_n0p75_f18000	96000	lp	0	0.75	0.05	18000	wetL	0.000692937307	0.000978480688	17997.0703	0.00124937117	16384	1	-
cutoff_norm_sr96000_n0p75_f20000	96000	lp	0	0.75	0.05	20000	wetL	0.000585616288	0.000821141244	20000.9766	0.000928953726	16384	1	-
cutoff_norm_sr96000_n0p8_f60	96000	lp	0	0.8	0.05	60	wetL	0.0127949995	0.0180107201	58.59375	0.0239429745	16384	1	-
cutoff_norm_sr96000_n0p8_f100	96000	lp	0	0.8	0.05	100	wetL	0.0127525559	0.0180046079	99.609375	0.00162300717	16384	1	-
cutoff_norm_sr96000_n0p8_f200	96000	lp	0	0.8	0.05	200	wetL	0.0127013735	0.0179760357	199.21875	0.0251551679	16384	1	-
cutoff_norm_sr96000_n0p8_f400	96000	lp	0	0.8	0.05	400	wetL	0.012639996	0.0178630274	398.4375	0.0244288637	16384	1	-
cutoff_norm_sr96000_n0p8_f800	96000	lp	0	0.8	0.05	800	wetL	0.0123251055	0.0174303076	799.804688	0.0213488655	16384	1	-
cutoff_norm_sr96000_n0p8_f1500	96000	lp	0	0.8	0.05	1500	wetL	0.0114331635	0.0161646866	1500	0.0192820506	16384	1	-
cutoff_norm_sr96000_n0p8_f2500	96000	lp	0	0.8	0.05	2500	wetL	0.00981778488	0.0138844011	2499.02344	0.0193405226	16384	1	-
cutoff_norm_sr96000_n0p8_f4000	96000	lp	0	0.8	0.05	4000	wetL	0.00757401872	0.0106733323	4001.95312	0.0149118504	16384	1	-
cutoff_norm_sr96000_n0p8_f6000	96000	lp	0	0.8	0.05	6000	wetL	0.00544698902	0.00770190392	6000	0.000205810588	16384	1	-
cutoff_norm_sr96000_n0p8_f8000	96000	lp	0	0.8	0.05	8000	wetL	0.0040695666	0.00561673838	7998.04688	0.0077661167	16384	1	-
cutoff_norm_sr96000_n0p8_f10000	96000	lp	0	0.8	0.05	10000	wetL	0.0031476043	0.0044511237	9999.02344	0.00376996294	16384	1	-
cutoff_norm_sr96000_n0p8_f12000	96000	lp	0	0.8	0.05	12000	wetL	0.00250611468	0.0034504215	12000	0.00264046107	16384	1	-
cutoff_norm_sr96000_n0p8_f15000	96000	lp	0	0.8	0.05	15000	wetL	0.00186225463	0.00263013616	14997.0703	0.00249403363	16384	1	-
cutoff_norm_sr96000_n0p8_f18000	96000	lp	0	0.8	0.05	18000	wetL	0.00144749924	0.00203900128	17997.0703	0.00222095105	16384	1	-
cutoff_norm_sr96000_n0p8_f20000	96000	lp	0	0.8	0.05	20000	wetL	0.00125008654	0.0017601197	20000.9766	0.00227308682	16384	1	-
cutoff_norm_sr96000_n0p85_f60	96000	lp	0	0.85	0.05	60	wetL	0.0127971716	0.0180122307	58.59375	0.0238847476	16384	1	-
cutoff_norm_sr96000_n0p85_f100	96000	lp	0	0.85	0.05	100	wetL	0.0127552638	0.018008801	99.609375	0.00191562892	16384	1	-
cutoff_norm_sr96000_n0p85_f200	96000	lp	0	0.85	0.05	200	wetL	0.0127142154	0.0179927519	199.21875	0.0250972412	16384	1	-
cutoff_norm_sr96000_n0p85_f400	96000	lp	0	0.85	0.05	400	wetL	0.0126882318	0.0179290078	398.4375	0.0241973408	16384	1	-
cutoff_norm_sr96000_n0p85_f800	96000	lp	0	0.85	0.05	800	wetL	0.0125042318	0.0176810159	799.804688	0.0204561562	16384	1	-
cutoff_norm_sr96000_n0p85_f1500	96000	lp	0	0.85	0.05	1500	wetL	0.0119680399	0.0169216553	1500	0.0219363958	16384	1	-
cutoff_norm_sr96000_n0p85_f2500	96000	lp	0	0.85	0.05	2500	wetL	0.0108854934	0.015393554	2499.02344	0.0200688139	16384	1	-
cutoff_norm_sr96000_n0p85_f4000	96000	lp	0	0.85	0.05	4000	wetL	0.00912732549	0.0128304456	3999.02344	0.0181425866	16384	1	-
cutoff_norm_sr96000_n0p85_f6000	96000	lp	0	0.85	0.05	6000	wetL	0.0071892005	0.0101589344	6000	0.00496754544	16384	1	-
cutoff_norm_sr96000_n0p85_f8000	96000	lp	0	0.85	0.05	8000	wetL	0.00580212885	0.0081189581	7998.04688	0.00910514136	16384	1	-
cutoff_norm_sr96000_n0p85_f10000	96000	lp	0	0.85	0.05	10000	wetL	0.00481474207	0.00680801843	9999.02344	0.00824106996	16384	1	-
cutoff_norm_sr96000_n0p85_f12000	96000	lp	0	0.85	0.05	12000	wetL	0.00409385503	0.00571672125	12000	0.0012953054	16384	1	-
cutoff_norm_sr96000_n0p85_f15000	96000	lp	0	0.85	0.05	15000	wetL	0.00332803386	0.00469926066	15000	0.00219858726	16384	1	-
cutoff_norm_sr96000_n0p85_f18000	96000	lp	0	0.85	0.05	18000	wetL	0.00279872617	0.00393907237	17997.0703	0.00263809676	16384	1	-
cutoff_norm_sr96000_n0p85_f20000	96000	lp	0	0.85	0.05	20000	wetL	0.00253137625	0.00357348073	20000.9766	0.0050533048	16384	1	-
cutoff_norm_sr96000_n0p9_f60	96000	lp	0	0.9	0.05	60	wetL	0.0127985085	0.0180130597	58.59375	0.0238427607	16384	1	-
cutoff_norm_sr96000_n0p9_f100	96000	lp	0	0.9	0.05	100	wetL	0.012756653	0.0180111027	99.609375	0.00212131841	16384	1	-
cutoff_norm_sr96000_n0p9_f200	96000	lp	0	0.9	0.05	200	wetL	0.012721246	0.0180019382	199.21875	0.0250443933	16384	1	-
cutoff_norm_sr96000_n0p9_f400	96000	lp	0	0.9	0.05	400	wetL	0.0127142903	0.0179654307	398.4375	0.023986882	16384	1	-
cutoff_norm_sr96000_n0p9_f800	96000	lp	0	0.9	0.05	800	wetL	0.0126025557	0.0178217533	799.804688	0.0196523145	16384	1	-
cutoff_norm_sr96000_n0p9_f1500	96000	lp	0	0.9	0.05	1500	wetL	0.0122797961	0.0173653992	1500	0.0234796461	16384	1	-
cutoff_norm_sr96000_n0p9_f2500	96000	lp	0	0.9	0.05	2500	wetL	0.0115794855	0.0163726899	2499.02344	0.0194976545	16384	1	-
cutoff_norm_sr96000_n0p9_f4000	96000	lp	0	0.9	0.05	4000	wetL	0.0102916645	0.0145090453	3999.02344	0.0193969076	16384	1	-
cutoff_norm_sr96000_n0p9_f6000	96000	lp	0	0.9	0.05	6000	wetL	0.00865337062	0.0120936546	6000	0.0102233245	16384	1	-
cutoff_norm_sr96000_n0p9_f8000	96000	lp	0	0.9	0.05	8000	wetL	0.00735234382	0.0103767175	7998.04688	0.00813719694	16384	1	-
cutoff_norm_sr96000_n0p9_f10000	96000	lp	0	0.9	0.05	10000	wetL	0.00637891991	0.00900346962	10001.9531	0.0125175548	16384	1	-
cutoff_norm_sr96000_n0p9_f12000	96000	lp	0	0.9	0.05	12000	wetL	0.00566004271	0.00780617922	12000	0.00250589658	16384	1	-
cutoff_norm_sr96000_n0p9_f15000	96000	lp	0	0.9	0.05	15000	wetL	0.00491496777	0.00692139639	15000	0.000904947435	16384	1	-
cutoff_norm_sr96000_n0p9_f18000	96000	lp	0	0.9	0.05	18000	wetL	0.00444132288	0.00627953491	18000	0.000178343787	16384	1	-
cutoff_norm_sr96000_n0p9_f20000	96000	lp	0	0.9	0.05	20000	wetL	0.00423176129	0.00596025876	19998.0469	0.00767915149	16384	1	-
cutoff_norm_sr96000_n0p95_f60	96000	lp	0	0.95	0.05	60	wetL	0.0127989936	0.0180133033	58.59375	0.0238259232	16384	1	-
cutoff_norm_sr96000_n0p95_f100	96000	lp	0	0.95	0.05	100	wetL	0.0127570849	0.018011779	99.609375	0.00220261459	16384	1	-
cutoff_norm_sr96000_n0p95_f200	96000	lp	0	0.95	0.05	200	wetL	0.0127235683	0.0180046386	199.21875	0.025020742	16384	1	-
cutoff_norm_sr96000_n0p95_f400	96000	lp	0	0.95	0.05	400	wetL	0.0127227754	0.0179761524	398.4375	0.0238928733	16384	1	-
cutoff_norm_sr96000_n0p95_f800	96000	lp	0	0.95	0.05	800	wetL	0.0126347614	0.017863396	799.804688	0.0192953165	16384	1	-
cutoff_norm_sr96000_n0p95_f1500	96000	lp	0	0.95	0.05	1500	wetL	0.0123851202	0.0174983289	1500	0.0239899178	16384	1	-
cutoff_norm_sr96000_n0p95_f2500	96000	lp	0	0.95	0.05	2500	wetL	0.011829084	0.0167251421	2499.02344	0.0189599432	16384	1	-
cutoff_norm_sr96000_n0p95_f4000	96000	lp	0	0.95	0.05	4000	wetL	0.0107525201	0.0151521741	3999.02344	0.0194577839	16384	1	-
cutoff_norm_sr96000_n0p95_f6000	96000	lp	0	0.95	0.05	6000	wetL	0.00928626437	0.0131260495	6000	0.012713471	16384	1	-
cutoff_norm_sr96000_n0p95_f8000	96000	lp	0	0.95	0.05	8000	wetL	0.00805056058	0.0113520987	7998.04688	0.00697228806	16384	1	-
cutoff_norm_sr96000_n0p95_f10000	96000	lp	0	0.95	0.05	10000	wetL	0.00709111433	0.0100205243	10001.9531	0.0141700412	16384	1	-
cutoff_norm_sr96000_n0p95_f12000	96000	lp	0	0.95	0.05	12000	wetL	0.00636932163	0.00832244096	12000	0.00487486773	16384	1	-
cutoff_norm_sr96000_n0p95_f15000	96000	lp	0	0.95	0.05	15000	wetL	0.00562124824	0.00791634137	15000	0.00319477213	16384	1	-
cutoff_norm_sr96000_n0p95_f18000	96000	lp	0	0.95	0.05	18000	wetL	0.00516453216	0.00717667797	18000	0.00211674612	16384	1	-
cutoff_norm_sr96000_n0p95_f20000	96000	lp	0	0.95	0.05	20000	wetL	0.00498278435	0.00700939159	19998.0469	0.00772869986	16384	1	-
cutoff_norm_sr96000_n1_f60	96000	lp	0	1	0.05	60	wetL	0.0127989936	0.0180133033	58.59375	0.0238259232	16384	1	-
cutoff_norm_sr96000_n1_f100	96000	lp	0	1	0.05	100	wetL	0.0127570849	0.018011779	99.609375	0.00220261459	16384	1	-
cutoff_norm_sr96000_n1_f200	96000	lp	0	1	0.05	200	wetL	0.0127235683	0.0180046386	199.21875	0.025020742	16384	1	-
cutoff_norm_sr96000_n1_f400	96000	lp	0	1	0.05	400	wetL	0.0127227754	0.0179761524	398.4375	0.0238928733	16384	1	-
cutoff_norm_sr96000_n1_f800	96000	lp	0	1	0.05	800	wetL	0.0126347614	0.017863396	799.804688	0.0192953165	16384	1	-
cutoff_norm_sr96000_n1_f1500	96000	lp	0	1	0.05	1500	wetL	0.0123851202	0.0174983289	1500	0.0239899178	16384	1	-
cutoff_norm_sr96000_n1_f2500	96000	lp	0	1	0.05	2500	wetL	0.011829084	0.0167251421	2499.02344	0.0189599432	16384	1	-
cutoff_norm_sr96000_n1_f4000	96000	lp	0	1	0.05	4000	wetL	0.0107525201	0.0151521741	3999.02344	0.0194577839	16384	1	-
cutoff_norm_sr96000_n1_f6000	96000	lp	0	1	0.05	6000	wetL	0.00928626437	0.0131260495	6000	0.012713471	16384	1	-
cutoff_norm_sr96000_n1_f8000	96000	lp	0	1	0.05	8000	wetL	0.00805056058	0.0113520987	7998.04688	0.00697228806	16384	1	-
cutoff_norm_sr96000_n1_f10000	96000	lp	0	1	0.05	10000	wetL	0.00709111433	0.0100205243	10001.9531	0.0141700412	16384	1	-
cutoff_norm_sr96000_n1_f12000	96000	lp	0	1	0.05	12000	wetL	0.00636932163	0.00832244096	12000	0.00487486773	16384	1	-
cutoff_norm_sr96000_n1_f15000	96000	lp	0	1	0.05	15000	wetL	0.00562124824	0.00791634137	15000	0.00319477213	16384	1	-
cutoff_norm_sr96000_n1_f18000	96000	lp	0	1	0.05	18000	wetL	0.00516453216	0.00717667797	18000	0.00211674612	16384	1	-
cutoff_norm_sr96000_n1_f20000	96000	lp	0	1	0.05	20000	wetL	0.00498278435	0.00700939159	19998.0469	0.00772869986	16384	1	-
crossrate_sr44100_bp_n0p85_f100	44100	bp	0	0.85	0.05	100	wetL	0.000236899773	0.000335206264	99.5910645	0.000462885965	16384	1	-
crossrate_sr44100_bp_n0p85_f8000	44100	bp	0	0.85	0.05	8000	wetL	0.00738089307	0.0104408358	7999.58496	0.0075587651	16384	1	-
crossrate_sr44100_bp_n0p9_f100	44100	bp	0	0.9	0.05	100	wetL	0.000236899773	0.000335206264	99.5910645	0.000462885965	16384	1	-
crossrate_sr44100_bp_n0p9_f8000	44100	bp	0	0.9	0.05	8000	wetL	0.00738089307	0.0104408358	7999.58496	0.0075587651	16384	1	-
crossrate_sr44100_bp_n0p95_f100	44100	bp	0	0.95	0.05	100	wetL	0.000236899773	0.000335206264	99.5910645	0.000462885965	16384	1	-
crossrate_sr44100_bp_n0p95_f8000	44100	bp	0	0.95	0.05	8000	wetL	0.00738089307	0.0104408358	7999.58496	0.0075587651	16384	1	-
crossrate_sr44100_bp_n1_f100	44100	bp	0	1	0.05	100	wetL	0.000236899773	0.000335206264	99.5910645	0.000462885965	16384	1	-
crossrate_sr44100_bp_n1_f8000	44100	bp	0	1	0.05	8000	wetL	0.00738089307	0.0104408358	7999.58496	0.0075587651	16384	1	-
crossrate_sr44100_lp_n0p85_f100	44100	lp	0	0.85	0.05	100	wetL	0.012735879	0.0180031215	99.5910645	0.00504858299	16384	1	-
crossrate_sr44100_lp_n0p85_f8000	44100	lp	0	0.85	0.05	8000	wetL	0.00523505425	0.00740224303	7999.58496	0.00467863851	16384	1	-
crossrate_sr44100_lp_n0p9_f100	44100	lp	0	0.9	0.05	100	wetL	0.012735879	0.0180031215	99.5910645	0.00504858299	16384	1	-
crossrate_sr44100_lp_n0p9_f8000	44100	lp	0	0.9	0.05	8000	wetL	0.00523505425	0.00740224303	7999.58496	0.00467863851	16384	1	-
crossrate_sr44100_lp_n0p95_f100	44100	lp	0	0.95	0.05	100	wetL	0.012735879	0.0180031215	99.5910645	0.00504858299	16384	1	-
crossrate_sr44100_lp_n0p95_f8000	44100	lp	0	0.95	0.05	8000	wetL	0.00523505425	0.00740224303	7999.58496	0.00467863851	16384	1	-
crossrate_sr44100_lp_n1_f100	44100	lp	0	1	0.05	100	wetL	0.012735879	0.0180031215	99.5910645	0.00504858299	16384	1	-
crossrate_sr44100_lp_n1_f8000	44100	lp	0	1	0.05	8000	wetL	0.00523505425	0.00740224303	7999.58496	0.00467863851	16384	1	-
crossrate_sr48000_bp_n0p85_f100	48000	bp	0	0.85	0.05	100	wetL	0.000217894161	0.000308000597	99.609375	7.80084661e-05	16384	1	-
crossrate_sr48000_bp_n0p85_f8000	48000	bp	0	0.85	0.05	8000	wetL	0.00710965099	0.00971909856	7999.51172	0.00364066696	16384	1	-
crossrate_sr48000_bp_n0p9_f100	48000	bp	0	0.9	0.05	100	wetL	0.000217894161	0.000308000597	99.609375	7.80084661e-05	16384	1	-
crossrate_sr48000_bp_n0p9_f8000	48000	bp	0	0.9	0.05	8000	wetL	0.00710965099	0.00971909856	7999.51172	0.00364066696	16384	1	-
crossrate_sr48000_bp_n0p95_f100	48000	bp	0	0.95	0.05	100	wetL	0.000217894161	0.000308000597	99.609375	7.80084661e-05	16384	1	-
crossrate_sr48000_bp_n0p95_f8000	48000	bp	0	0.95	0.05	8000	wetL	0.00710965099	0.00971909856	7999.51172	0.00364066696	16384	1	-
crossrate_sr48000_bp_n1_f100	48000	bp	0	1	0.05	100	wetL	0.000217894161	0.000308000597	99.609375	7.80084661e-05	16384	1	-
crossrate_sr48000_bp_n1_f8000	48000	bp	0	1	0.05	8000	wetL	0.00710965099	0.00971909856	7999.51172	0.00364066696	16384	1	-
crossrate_sr48000_lp_n0p85_f100	48000	lp	0	0.85	0.05	100	wetL	0.0127235683	0.0180046386	99.609375	0.025020742	16384	1	-
crossrate_sr48000_lp_n0p85_f8000	48000	lp	0	0.85	0.05	8000	wetL	0.00544120368	0.00743867599	7999.51172	0.0105031471	16384	1	-
crossrate_sr48000_lp_n0p9_f100	48000	lp	0	0.9	0.05	100	wetL	0.0127235683	0.0180046386	99.609375	0.025020742	16384	1	-
crossrate_sr48000_lp_n0p9_f8000	48000	lp	0	0.9	0.05	8000	wetL	0.00544120368	0.00743867599	7999.51172	0.0105031471	16384	1	-
crossrate_sr48000_lp_n0p95_f100	48000	lp	0	0.95	0.05	100	wetL	0.0127235683	0.0180046386	99.609375	0.025020742	16384	1	-
crossrate_sr48000_lp_n0p95_f8000	48000	lp	0	0.95	0.05	8000	wetL	0.00544120368	0.00743867599	7999.51172	0.0105031471	16384	1	-
crossrate_sr48000_lp_n1_f100	48000	lp	0	1	0.05	100	wetL	0.0127235683	0.0180046386	99.609375	0.025020742	16384	1	-
crossrate_sr48000_lp_n1_f8000	48000	lp	0	1	0.05	8000	wetL	0.00544120368	0.00743867599	7999.51172	0.0105031471	16384	1	-
crossrate_sr88200_bp_n0p85_f100	88200	bp	0	0.85	0.05	100	wetL	0.000181163307	0.000256554078	99.5910645	0.000278365014	16384	1	-
crossrate_sr88200_bp_n0p85_f8000	88200	bp	0	0.85	0.05	8000	wetL	0.00654217854	0.00925195381	7999.58496	0.0109785499	16384	1	-
crossrate_sr88200_bp_n0p9_f100	88200	bp	0	0.9	0.05	100	wetL	0.000129642374	0.000183597994	99.5910645	0.000200536334	16384	1	-
crossrate_sr88200_bp_n0p9_f8000	88200	bp	0	0.9	0.05	8000	wetL	0.00588453387	0.0083219715	7999.58496	0.00743594414	16384	1	-
crossrate_sr88200_bp_n0p95_f100	88200	bp	0	0.95	0.05	100	wetL	0.00011840227	0.00016768131	99.5910645	0.000183414127	16384	1	-
crossrate_sr88200_bp_n0p95_f8000	88200	bp	0	0.95	0.05	8000	wetL	0.00564215989	0.00797917774	7999.58496	0.00646523456	16384	1	-
crossrate_sr88200_bp_n1_f100	88200	bp	0	1	0.05	100	wetL	0.00011840227	0.00016768131	99.5910645	0.000183414127	16384	1	-
crossrate_sr88200_bp_n1_f8000	88200	bp	0	1	0.05	8000	wetL	0.00564215989	0.00797917774	7999.58496	0.00646523456	16384	1	-
crossrate_sr88200_lp_n0p85_f100	88200	lp	0	0.85	0.05	100	wetL	0.0127499619	0.0180085702	99.5910645	0.0162618561	16384	1	-
crossrate_sr88200_lp_n0p85_f8000	88200	lp	0	0.85	0.05	8000	wetL	0.00582018755	0.00823084383	7999.58496	0.0033309241	16384	1	-
crossrate_sr88200_lp_n0p9_f100	88200	lp	0	0.9	0.05	100	wetL	0.0127519118	0.0180109247	99.5910645	0.0161055351	16384	1	-
crossrate_sr88200_lp_n0p9_f8000	88200	lp	0	0.9	0.05	8000	wetL	0.00731614949	0.0103464145	7999.58496	0.00828440574	16384	1	-
crossrate_sr88200_lp_n0p95_f100	88200	lp	0	0.95	0.05	100	wetL	0.0127522811	0.0180114018	99.5910645	0.0160712177	16384	1	-
crossrate_sr88200_lp_n0p95_f8000	88200	lp	0	0.95	0.05	8000	wetL	0.00768081789	0.0108622009	7999.58496	0.0096074369	16384	1	-
crossrate_sr88200_lp_n1_f100	88200	lp	0	1	0.05	100	wetL	0.0127522811	0.0180114018	99.5910645	0.0160712177	16384	1	-
crossrate_sr88200_lp_n1_f8000	88200	lp	0	1	0.05	8000	wetL	0.00768081789	0.0108622009	7999.58496	0.0096074369	16384	1	-
crossrate_sr96000_bp_n0p85_f100	96000	bp	0	0.85	0.05	100	wetL	0.000180792623	0.000256130759	99.609375	0.000359785343	16384	1	-
crossrate_sr96000_bp_n0p85_f8000	96000	bp	0	0.85	0.05	8000	wetL	0.00652440849	0.00916456898	8000.97656	0.0104639869	16384	1	-
crossrate_sr96000_bp_n0p9_f100	96000	bp	0	0.9	0.05	100	wetL	0.000129166125	0.000182987385	99.609375	0.000256868668	16384	1	-
crossrate_sr96000_bp_n0p9_f8000	96000	bp	0	0.9	0.05	8000	wetL	0.00590602031	0.00818741877	8000.97656	0.0111953925	16384	1	-
crossrate_sr96000_bp_n0p95_f100	96000	bp	0	0.95	0.05	100	wetL	0.000108748082	0.000154060939	99.609375	0.000216200833	16384	1	-
crossrate_sr96000_bp_n0p95_f8000	96000	bp	0	0.95	0.05	8000	wetL	0.00544448036	0.0075674287	8000.97656	0.0107012037	16384	1	-
crossrate_sr96000_bp_n1_f100	96000	bp	0	1	0.05	100	wetL	0.000108748082	0.000154060939	99.609375	0.000216200833	16384	1	-
crossrate_sr96000_bp_n1_f8000	96000	bp	0	1	0.05	8000	wetL	0.00544448036	0.0075674287	8000.97656	0.0107012037	16384	1	-
crossrate_sr96000_lp_n0p85_f100	96000	lp	0	0.85	0.05	100	wetL	0.0127552638	0.018008801	99.609375	0.00191562892	16384	1	-
crossrate_sr96000_lp_n0p85_f8000	96000	lp	0	0.85	0.05	8000	wetL	0.00580212885	0.0081189581	7998.04688	0.00910514136	16384	1	-
crossrate_sr96000_lp_n0p9_f100	96000	lp	0	0.9	0.05	100	wetL	0.012756653	0.0180111027	99.609375	0.00212131841	16384	1	-
crossrate_sr96000_lp_n0p9_f8000	96000	lp	0	0.9	0.05	8000	wetL	0.00735234382	0.0103767175	7998.04688	0.00813719694	16384	1	-
crossrate_sr96000_lp_n0p95_f100	96000	lp	0	0.95	0.05	100	wetL	0.0127570849	0.018011779	99.609375	0.00220261459	16384	1	-
crossrate_sr96000_lp_n0p95_f8000	96000	lp	0	0.95	0.05	8000	wetL	0.00805056058	0.0113520987	7998.04688	0.00697228806	16384	1	-
crossrate_sr96000_lp_n1_f100	96000	lp	0	1	0.05	100	wetL	0.0127570849	0.018011779	99.609375	0.00220261459	16384	1	-
crossrate_sr96000_lp_n1_f8000	96000	lp	0	1	0.05	8000	wetL	0.00805056058	0.0113520987	7998.04688	0.00697228806	16384	1	-
asym_lr_sr44100_wetL	44100	lp	0	0.9	0.05	1000	wetL	0.0120289804	0.0170105581	999.94812	0.0106302846	16384	1	-
asym_lr_sr44100_wetR	44100	lp	0	0.3	0.05	1000	wetR	0.000320556579	0.000453338481	999.94812	0.00058178041	16384	1	-
asym_lr_sr48000_wetL	48000	lp	0	0.9	0.05	1000	wetL	0.012129345	0.0171223994	1000.48828	0.00464470715	16384	1	-
asym_lr_sr48000_wetR	48000	lp	0	0.3	0.05	1000	wetR	0.000319856172	0.000451626475	1000.48828	0.000478431148	16384	1	-
asym_lr_sr88200_wetL	88200	lp	0	0.9	0.05	1000	wetL	0.012515046	0.0177050293	1001.29395	0.0209514981	16384	1	-
asym_lr_sr88200_wetR	88200	lp	0	0.3	0.05	1000	wetR	0.000316707824	0.000447913758	1001.29395	0.000632321475	16384	1	-
asym_lr_sr96000_wetL	96000	lp	0	0.9	0.05	1000	wetL	0.0125326516	0.0177163877	999.023438	0.0166070301	16384	1	-
asym_lr_sr96000_wetR	96000	lp	0	0.3	0.05	1000	wetR	0.000316537499	0.000447478213	999.023438	0.000129247208	16384	1	-
level_small	44100	lp	0	0.9	0.05	1000	wetL	0.0120289804	0.0170105581	999.94812	0.0106302846	16384	1	-
level_medium	44100	lp	0	0.9	0.2	1000	wetL	0.047996004	0.0678317447	999.94812	0.0424151671	16384	1	-
level_large	44100	lp	0	0.9	0.5	1000	wetL	0.118348064	0.166704172	999.94812	0.104587129	16384	1	-
